{
  "projeto": "Cambert Now - 216NOW",
  "data": "2026-03-25",
  "quantitativos": {
    "projeto": "Cambert Now - 216NOW",
    "torre": {
      "tijolinho": 780,
      "ripado": 293,
      "peitoril": {
        "metros_lineares": 760,
        "altura": 1.1,
        "area_m2": 836.0000000000001
      }
    },
    "base": {
      "tijolinho": 110,
      "ripado": 182,
      "peitoril": {
        "metros_lineares": 40,
        "altura": 1.1,
        "area_m2": 44.0
      }
    }
  },
  "totais": {
    "tijolinho_total": 890,
    "ripado_total": 475,
    "peitoril_total": 880.0000000000001
  },
  "orcamento": {
    "tijolinho": {
      "area": 890,
      "pu": 180.0,
      "total": 160200.0
    },
    "ripado": {
      "area": 475,
      "pu": 450.0,
      "total": 213750.0
    },
    "peitoril": {
      "area": 880.0000000000001,
      "pu": 85.0,
      "total": 74800.00000000001
    }
  },
  "resumo": {
    "area_total_m2": 2245.0,
    "custo_total": 448750.0,
    "rsm2_medio": 199.88864142538975
  }
}