{
  "projeto": "Gran Royal",
  "ac": 5225.33,
  "pavimentos": 19,
  "unidades": 30,
  "subsolos": 1,
  "grupos": {
    "PAREDES E PAINÉIS": {
      "total": 1349059.0458504295,
      "rsm2": 258.17681291907485
    },
    "IMPERMEABILIZAÇÃO E TRATAMENTOS": {
      "total": 209043.94203657145,
      "rsm2": 40.005883271787894
    },
    "REVESTIMENTOS INTERNOS DE PAREDE": {
      "total": 590141.73427268,
      "rsm2": 112.93865349608159
    },
    "REVESTIMENTOS E ACABAMENTOS INTERNOS EM TETO": {
      "total": 595977.5277666666,
      "rsm2": 114.05548123595383
    },
    "PISOS E PAVIMENTAÇÕES": {
      "total": 1295022.1391579648,
      "rsm2": 247.8354743447715
    },
    "SISTEMAS DE PINTURA INTERNA": {
      "total": 534884.6081107075,
      "rsm2": 102.36379484371466
    },
    "ESQUADRIAS, VIDROS E FERRAGENS": {
      "total": 2542675.9019708997,
      "rsm2": 486.60580326427225
    },
    "COBERTURA": {
      "total": 103757.93531563,
      "rsm2": 19.856723941957735
    },
    "REVESTIMENTOS E ACABAMENTOS EM FACHADA": {
      "total": 3127910.678828152,
      "rsm2": 598.6053854642964
    },
    "SERVIÇOS COMPLEMENTARES E FINAIS": {
      "total": 2553007.627494707,
      "rsm2": 488.5830421226424
    },
    "IMPREVISTOS E CONTINGÊNCIAS": {
      "total": 387044.4342241324,
      "rsm2": 74.07081164713662
    },
    "TOTAL": {
      "total": 13288525.575028542,
      "rsm2": 2543.09786655169
    },
    "ALVENARIA": {
      "total": 4053.88,
      "rsm2": 0.775813202228376
    },
    "DRYWALL": {
      "total": 3163.46,
      "rsm2": 0.6054086536161353
    },
    "CHAP INT EST": {
      "total": 2281.65,
      "rsm2": 0.43665184782587896
    },
    "CHAP EXT EST": {
      "total": 1065.84,
      "rsm2": 0.2039756340747857
    },
    "REB INT": {
      "total": 6193.14,
      "rsm2": 1.1852150964628072
    },
    "MASSA GESSO INTERNO": {
      "total": 5378.63,
      "rsm2": 1.0293378600011867
    },
    "REB EXT": {
      "total": 2632.39,
      "rsm2": 0.5037748812036752
    },
    "PINT INT": {
      "total": 15824.092499999997,
      "rsm2": 3.028343185980598
    },
    "PINTURA EXT": {
      "total": 2632.39,
      "rsm2": 0.5037748812036752
    },
    "ACM": {
      "total": 1470.85,
      "rsm2": 0.28148461436885325
    }
  },
  "total": 26621747.472557086,
  "rsm2_total": 5094.75
}