{
  "ac": 5225.33,
  "grupos": {
    "2.1.1.1": {
      "total": 4053.88,
      "rsm2": 0.78
    },
    "6.1.1.1": {
      "total": 1752.14,
      "rsm2": 0.34
    },
    "6.8.1.1": {
      "total": 3116.8699999999994,
      "rsm2": 0.6
    },
    "7.3.1.2": {
      "total": 1463.5700000000002,
      "rsm2": 0.28
    },
    "7.3.1.3": {
      "total": 1202.73,
      "rsm2": 0.23
    },
    "7.4.2.1": {
      "total": 4234.009999999999,
      "rsm2": 0.81
    },
    "7.4.2.7": {
      "total": 4925.0599999999995,
      "rsm2": 0.94
    },
    "7.4.3.": {
      "total": 2822.089999999999,
      "rsm2": 0.54
    },
    "7.4.3.1": {
      "total": 1763.48,
      "rsm2": 0.34
    }
  },
  "total": 25333.829999999994,
  "rsm2_total": 4.85
}