{
  "projeto": "adore-level-up",
  "ac": 11102.72,
  "ur": null,
  "total": 40287855.691681944,
  "rsm2": 3628.6473667427395,
  "macrogrupos": {
    "GERENCIAMENTO TÉCNICO E ADMINISTRATIVO": {
      "valor": 4073248.064919733,
      "rsm2": 366.8693856027832
    },
    "MOVIMENTAÇÃO DE TERRA": {
      "valor": 198728.54458902398,
      "rsm2": 17.89908640306375
    },
    "INFRAESTRUTURA": {
      "valor": 1941462.0984345428,
      "rsm2": 174.86364588448083
    },
    "SUPRAESTRUTURA": {
      "valor": 6615187.355293853,
      "rsm2": 595.8168228410564
    },
    "ALVENARIA": {
      "valor": 1669934.1888865917,
      "rsm2": 150.4076648683018
    },
    "INSTALAÇÕES ELÉTRICAS, HIDRÁULICAS, GLP E PREVENTIVAS": {
      "valor": 4311922.090745734,
      "rsm2": 388.3662823835722
    },
    "EQUIPAMENTOS E SISTEMAS ESPECIAIS": {
      "valor": 1997062.2669022223,
      "rsm2": 179.87144293490445
    },
    "IMPERMEABILIZAÇÃO": {
      "valor": 948728.5667910002,
      "rsm2": 85.45010292892195
    },
    "REVESTIMENTOS E ACABAMENTOS INTERNOS EM PAREDE": {
      "valor": 3214008.858001166,
      "rsm2": 289.4794120721018
    },
    "REVESTIMENTOS E ACABAMENTOS INTERNOS EM TETO": {
      "valor": 753156.0980921901,
      "rsm2": 67.83527803026557
    },
    "REVESTIMENTOS E ACABAMENTOS INTERNOS EM PISO": {
      "valor": 4313008.183796052,
      "rsm2": 388.4641046334639
    },
    "PINTURA INTERNA": {
      "valor": 1273615.850741019,
      "rsm2": 114.71205711222287
    },
    "ESQUADRIAS, VIDROS E FERRAGENS": {
      "valor": 3821896.5816228217,
      "rsm2": 344.23065533696445
    },
    "COBERTURA": {
      "valor": 375409.40763087,
      "rsm2": 33.81238179751178
    },
    "REVESTIMENTOS E ACABAMENTOS DE FACHADA": {
      "valor": 1517055.5979890632,
      "rsm2": 136.63819298235597
    },
    "SERVIÇOS COMPLEMENTARES": {
      "valor": 3263431.9372460633,
      "rsm2": 293.9308509307686
    }
  },
  "disciplinas": {},
  "indices_consumo": {},
  "split_mo_material": {},
  "curva_abc": {},
  "instalacoes_breakdown": {},
  "instalacoes_extraction_method": "Manual: only combined total",
  "instalacoes_note": "Only combined INSTALAÇÕES total: R$4,311,922.09 (no sub-discipline breakdown)",
  "ci_detalhado": {
    "projetos_consultorias": {
      "valor": 4073248.06
    },
    "taxas_licencas": {
      "valor": null
    },
    "equipe_adm": {
      "valor": null,
      "prazo_meses": null
    },
    "epcs": {
      "valor": null
    },
    "equipamentos_carga": {
      "valor": null
    },
    "ensaios": {
      "valor": null
    },
    "canteiro": {
      "valor": null
    }
  },
  "esquadrias_detail": {
    "aluminio": {
      "valor": null,
      "area_m2": null,
      "pu_m2": null
    },
    "guarda_corpo": {
      "valor": null,
      "comprimento_m": null,
      "pu_m": null
    },
    "portas_madeira": {
      "valor": null,
      "qtd": null,
      "pu_un": null
    },
    "portas_corta_fogo": {
      "valor": null,
      "qtd": null,
      "pu_un": null
    },
    "vidros": {
      "valor": null
    },
    "pele_vidro": {
      "valor": null
    },
    "brises": {
      "valor": null
    },
    "total": 3821896.58
  },
  "fachada_detail": {
    "reboco_externo": {
      "valor": null
    },
    "textura_pintura_ext": {
      "valor": null
    },
    "pastilha_porcelanato": {
      "valor": null
    },
    "juntas": {
      "valor": null
    },
    "total": 1517055.6
  },
  "acabamentos_pus": {
    "porcelanato_pu_m2": null,
    "ceramica_pu_m2": null,
    "laminado_pu_m2": null,
    "rodape_pu_m": null,
    "contrapiso_pu_m2": null,
    "forro_gesso_pu_m2": null,
    "pintura_parede_pu_m2": null,
    "chapisco_pu_m2": null,
    "reboco_pu_m2": null
  },
  "qualitative": {
    "updated_at": "2026-04-13T19:49:24",
    "phase1_extraction": {
      "n_abas": 2,
      "total_itens": 36,
      "total_observacoes": 13,
      "fonte": "scripts/extract_itens_detalhados.py",
      "json_path": "C:/Users/leona/orcamentos-openclaw/base/itens-detalhados/adore-level-up.json"
    },
    "sub_disciplinas": [
      {
        "macrogrupo": "Estrutura",
        "sub_disciplina": "Superestrutura",
        "itens_exemplo": [
          "SUPRAESTRUTURA"
        ]
      },
      {
        "macrogrupo": "Acabamentos",
        "sub_disciplina": "Piso e Parede",
        "itens_exemplo": [
          "ACABAMENTOS EM PISO E PAREDE",
          "REVESTIMENTOS INTERNOS EM PISO E PAREDE"
        ]
      },
      {
        "macrogrupo": "Instalações e Sistemas",
        "sub_disciplina": "MEP e Serviços",
        "itens_exemplo": [
          "INSTALAÇÕES ELÉTRICAS, HIDRÁULICAS, GLP E PREVENTIVAS"
        ]
      },
      {
        "macrogrupo": "Detalhes e Componentes",
        "sub_disciplina": "Esquadrias",
        "itens_exemplo": [
          "ESQUADRIAS, VIDROS E FERRAGENS"
        ]
      },
      {
        "macrogrupo": "Equipamentos Especiais",
        "sub_disciplina": "Sistemas Especiais",
        "itens_exemplo": [
          "EQUIPAMENTOS E SISTEMAS ESPECIAIS"
        ]
      },
      {
        "macrogrupo": "Administrativo",
        "sub_disciplina": "Gerenciamento",
        "itens_exemplo": [
          "GERENCIAMENTO TÉCNICO E ADMINISTRATIVO"
        ]
      }
    ],
    "observacoes_orcamentista": [],
    "padroes_identificados": [
      "O orçamento detalha custos por 'AREAS_PRIVATIVAS', seguindo o formato de listagem de unidade de preço (pu) e custo total (R$) para cada componente."
    ],
    "fora_da_curva": [],
    "phase2_meta": {
      "model": "gemma4:e4b",
      "ts": "2026-04-12T20:27:13",
      "duration_s": 73.9,
      "compact_chars": 559
    }
  }
}