{
  "projeto": "adore-level-up",
  "ac": 11102.72,
  "ur": null,
  "total": 40287855.691681944,
  "rsm2": 3628.6473667427395,
  "macrogrupos": {
    "GERENCIAMENTO TÉCNICO E ADMINISTRATIVO": {
      "valor": 4073248.064919733,
      "rsm2": 366.8693856027832
    },
    "MOVIMENTAÇÃO DE TERRA": {
      "valor": 198728.54458902398,
      "rsm2": 17.89908640306375
    },
    "INFRAESTRUTURA": {
      "valor": 1941462.0984345428,
      "rsm2": 174.86364588448083
    },
    "SUPRAESTRUTURA": {
      "valor": 6615187.355293853,
      "rsm2": 595.8168228410564
    },
    "ALVENARIA": {
      "valor": 1669934.1888865917,
      "rsm2": 150.4076648683018
    },
    "INSTALAÇÕES ELÉTRICAS, HIDRÁULICAS, GLP E PREVENTIVAS": {
      "valor": 4311922.090745734,
      "rsm2": 388.3662823835722
    },
    "EQUIPAMENTOS E SISTEMAS ESPECIAIS": {
      "valor": 1997062.2669022223,
      "rsm2": 179.87144293490445
    },
    "IMPERMEABILIZAÇÃO": {
      "valor": 948728.5667910002,
      "rsm2": 85.45010292892195
    },
    "REVESTIMENTOS E ACABAMENTOS INTERNOS EM PAREDE": {
      "valor": 3214008.858001166,
      "rsm2": 289.4794120721018
    },
    "REVESTIMENTOS E ACABAMENTOS INTERNOS EM TETO": {
      "valor": 753156.0980921901,
      "rsm2": 67.83527803026557
    },
    "REVESTIMENTOS E ACABAMENTOS INTERNOS EM PISO": {
      "valor": 4313008.183796052,
      "rsm2": 388.4641046334639
    },
    "PINTURA INTERNA": {
      "valor": 1273615.850741019,
      "rsm2": 114.71205711222287
    },
    "ESQUADRIAS, VIDROS E FERRAGENS": {
      "valor": 3821896.5816228217,
      "rsm2": 344.23065533696445
    },
    "COBERTURA": {
      "valor": 375409.40763087,
      "rsm2": 33.81238179751178
    },
    "REVESTIMENTOS E ACABAMENTOS DE FACHADA": {
      "valor": 1517055.5979890632,
      "rsm2": 136.63819298235597
    },
    "SERVIÇOS COMPLEMENTARES": {
      "valor": 3263431.9372460633,
      "rsm2": 293.9308509307686
    }
  },
  "disciplinas": {},
  "indices_consumo": {},
  "split_mo_material": {},
  "curva_abc": {}
}