{
  "projeto": "adore-cacupe",
  "ac": 6494.63,
  "ur": null,
  "total": null,
  "rsm2": null,
  "macrogrupos": {},
  "disciplinas": {
    "Movimentacao de Terra": {
      "total": 4367.728382595803,
      "rsm2": 0.6725138125799011,
      "n_itens": 5,
      "subcategorias": {}
    },
    "Infraestrutura": {
      "total": 1901299.5619200002,
      "rsm2": 292.74948102047387,
      "n_itens": 5,
      "subcategorias": {
        "TOTAL": {
          "total": 1901299.5619200002,
          "n_itens": 0
        },
        "TOTAL INFRAESTRUTURA": {
          "total": 1901299.5619200002,
          "n_itens": 0
        }
      }
    },
    "Supraestrutura": {
      "total": 4975870.685324,
      "rsm2": 766.151526002867,
      "n_itens": 13,
      "subcategorias": {
        "TOTAL": {
          "total": 4000980.267724001,
          "n_itens": 6
        },
        "TOTAL SUPRAESTRUTURA": {
          "total": 4975870.685324001,
          "n_itens": 0
        }
      }
    },
    "Sistemas Especiais": {
      "total": 1498526.7550000001,
      "rsm2": 230.73319881194158,
      "n_itens": 14,
      "subcategorias": {
        "TOTAL": {
          "total": 472230.00000000006,
          "n_itens": 10
        },
        "TOTAL SISTEMAS ESPECIAIS": {
          "total": 1498526.7550000001,
          "n_itens": 0
        }
      }
    },
    "Servicos Complementares": {
      "total": 862100.3600000001,
      "rsm2": 132.7404886806485,
      "n_itens": 6,
      "subcategorias": {
        "TOTAL": {
          "total": 862100.3600000001,
          "n_itens": 0
        },
        "TOTAL COMPLEMENTARES": {
          "total": 862100.3600000001,
          "n_itens": 0
        }
      }
    },
    "Alvenaria": {
      "total": 2884207.9576887502,
      "rsm2": 444.09118882657674,
      "n_itens": 18,
      "subcategorias": {
        "TOTAL": {
          "total": 1139723.7217162498,
          "n_itens": 9
        },
        "TOTAL ALVENARIA": {
          "total": 1744481.2659725,
          "n_itens": 0
        }
      }
    },
    "Fachada": {
      "total": 1720170.4410000003,
      "rsm2": 264.8604217638265,
      "n_itens": 2,
      "subcategorias": {
        "TOTAL": {
          "total": 907867.7327500002,
          "n_itens": 1
        },
        "TOTAL FACHADA": {
          "total": 1720170.4410000003,
          "n_itens": 0
        }
      }
    },
    "Impermeabilizacao": {
      "total": 393341.41154000006,
      "rsm2": 60.56409857682424,
      "n_itens": 8,
      "subcategorias": {
        "TOTAL": {
          "total": 393341.41154000006,
          "n_itens": 0
        },
        "TOTAL IMPERMEABILIZAÇÃO": {
          "total": 393341.41154000006,
          "n_itens": 0
        }
      }
    },
    "Forro": {
      "total": 747843.6552400001,
      "rsm2": 115.14800000000001,
      "n_itens": 4,
      "subcategorias": {
        "TOTAL": {
          "total": 747843.65524,
          "n_itens": 0
        },
        "TOTAL FORRO": {
          "total": 747843.65524,
          "n_itens": 0
        }
      }
    },
    "Pintura": {
      "total": 711770.466,
      "rsm2": 109.59368986377977,
      "n_itens": 4,
      "subcategorias": {
        "TOTAL": {
          "total": 711770.466,
          "n_itens": 0
        },
        "TOTAL IMPERMEABILIZAÇÃO": {
          "total": 711770.466,
          "n_itens": 0
        }
      }
    },
    "Esquadrias": {
      "total": 2180211.517,
      "rsm2": 335.6944917570362,
      "n_itens": 11,
      "subcategorias": {
        "TOTAL": {
          "total": 2180211.517,
          "n_itens": 0
        },
        "TOTAL ESQUADRIAS": {
          "total": 2180211.517,
          "n_itens": 0
        }
      }
    },
    "Cobertura": {
      "total": 46527.195,
      "rsm2": 7.163948523626442,
      "n_itens": 2,
      "subcategorias": {
        "TOTAL": {
          "total": 46527.195,
          "n_itens": 0
        },
        "TOTAL COMPLEMENTARES": {
          "total": 46527.195,
          "n_itens": 0
        }
      }
    }
  },
  "indices_consumo": {},
  "split_mo_material": {
    "Movimentacao de Terra": {
      "mo_pct": 0.0,
      "material_pct": 1.0
    },
    "Infraestrutura": {
      "mo_pct": 0.3,
      "material_pct": 0.7
    },
    "Supraestrutura": {
      "mo_pct": 0.356,
      "material_pct": 0.644
    },
    "Sistemas Especiais": {
      "mo_pct": 0.159,
      "material_pct": 0.841
    },
    "Servicos Complementares": {
      "mo_pct": 0.0,
      "material_pct": 1.0
    },
    "Alvenaria": {
      "mo_pct": 0.225,
      "material_pct": 0.775
    },
    "Fachada": {
      "mo_pct": 0.0,
      "material_pct": 1.0
    },
    "Impermeabilizacao": {
      "mo_pct": 0.0,
      "material_pct": 1.0
    },
    "Forro": {
      "mo_pct": 0.0,
      "material_pct": 1.0
    },
    "Pintura": {
      "mo_pct": 0.0,
      "material_pct": 1.0
    },
    "Esquadrias": {
      "mo_pct": 0.0,
      "material_pct": 1.0
    },
    "Cobertura": {
      "mo_pct": 0.0,
      "material_pct": 1.0
    }
  },
  "curva_abc": {
    "Movimentacao de Terra": {
      "top_20_pct": 1.0,
      "n_itens_total": 5,
      "itens": [
        {
          "desc": "Movimentação de terra das estacas",
          "pct": 0.266,
          "total": 1163.771582595803
        },
        {
          "desc": "Escavação mecanizada para blocos e baldrames",
          "pct": 0.231,
          "total": 1008.3216000000001
        },
        {
          "desc": "Movimentação de bota-fora",
          "pct": 0.231,
          "total": 1008.3216000000001
        },
        {
          "desc": "Lastro de concreto magto e=5cm",
          "pct": 0.219,
          "total": 954.624
        },
        {
          "desc": "Reaterro para blocos e baldrames",
          "pct": 0.053,
          "total": 232.68960000000004
        }
      ]
    },
    "Infraestrutura": {
      "top_20_pct": 1.0,
      "n_itens_total": 5,
      "itens": [
        {
          "desc": "Armação",
          "pct": 0.302,
          "total": 574712.2867200001
        },
        {
          "desc": "Concreto (40 Mpa)",
          "pct": 0.273,
          "total": 519595.87680000014
        },
        {
          "desc": "Mão de obra",
          "pct": 0.249,
          "total": 472538.88
        },
        {
          "desc": "Piso de concreto armado",
          "pct": 0.124,
          "total": 236269.44
        },
        {
          "desc": "Fabricação, montagem e desmontagem de forma para blocos e ba",
          "pct": 0.052,
          "total": 98183.07840000003
        }
      ]
    },
    "Supraestrutura": {
      "top_20_pct": 1.0,
      "n_itens_total": 13,
      "itens": [
        {
          "desc": "Mão de obra - estrutura em concreto armado",
          "pct": 0.345,
          "total": 1714582.32
        },
        {
          "desc": "Armadura Convencional para Estrutura",
          "pct": 0.192,
          "total": 954324.0771240002
        },
        {
          "desc": "Concreto",
          "pct": 0.133,
          "total": 660353.0956000001
        },
        {
          "desc": "Fabricação forma",
          "pct": 0.099,
          "total": 491156.39375000005
        },
        {
          "desc": "Armadura Convencional para Estrutura",
          "pct": 0.083,
          "total": 412585.50960000005
        },
        {
          "desc": "Concreto",
          "pct": 0.06,
          "total": 299766.852
        },
        {
          "desc": "Fabricação forma",
          "pct": 0.023,
          "total": 113704.66800000002
        },
        {
          "desc": "Escoramento",
          "pct": 0.018,
          "total": 89273.8
        },
        {
          "desc": "Escoramento",
          "pct": 0.018,
          "total": 89273.8
        },
        {
          "desc": "Cubetas",
          "pct": 0.01,
          "total": 49222.8
        },
        {
          "desc": "Perfuração de vigas",
          "pct": 0.009,
          "total": 46640.00000000001
        },
        {
          "desc": "Montagem de forma",