{
  "projeto": "all-lago-di-garda",
  "ac": 7055.73,
  "ur": null,
  "total": 50516882.53944222,
  "rsm2": 7159.696096568636,
  "macrogrupos": {
    "GERENCIAMENTO TÉCNICO E ADMINISTRATIVO": {
      "valor": 4113807.5193138765,
      "rsm2": 583.0449180047815
    },
    "GERENCIAMENTO TÉCNICO": {
      "valor": 1357076.4649415482,
      "rsm2": 192.33679079862017
    },
    "GERENCIAMENTO ADMINISTRATIVO": {
      "valor": 2756731.0543723283,
      "rsm2": 390.7081272061613
    },
    "GERENCIAMENTO EXECUTIVO": {
      "valor": 21144633.750407234,
      "rsm2": 2996.8031302795366
    },
    "MOVIMENTAÇÃO DE TERRA": {
      "valor": 61829.318407652754,
      "rsm2": 8.762993823127125
    },
    "INFRAESTRUTURA": {
      "valor": 1468885.4211632563,
      "rsm2": 208.18333767919924
    },
    "SUPRAESTRUTURA": {
      "valor": 5021041.330136594,
      "rsm2": 711.6260585561798
    },
    "ALVENARIA | VEDAÇÕES | DIVISÓRIAS": {
      "valor": 1109963.6813629456,
      "rsm2": 157.31379763156266
    },
    "IMPERMEABILIZAÇÃO E TRATAMENTOS": {
      "valor": 334673.748645,
      "rsm2": 47.43290186061542
    },
    "SISTEMAS E INSTALAÇÕES ELÉTRICAS": {
      "valor": 1030507.9424999999,
      "rsm2": 146.05263275380435
    },
    "SISTEMAS E INSTALAÇÕES HIDROSSANITÁRIAS | DRENAGEM": {
      "valor": 797668.8524999999,
      "rsm2": 113.05263275380435
    },
    "INSTALAÇÕES PREVENTIVAS": {
      "valor": 147464.762,
      "rsm2": 20.900000708643898
    },
    "INSTALAÇÕES DE COMUNICAÇÕES": {
      "valor": 116419.546,
      "rsm2": 16.50000014172878
    },
    "EQUIPAMENTOS E SISTEMAS ESPECIAIS": {
      "valor": 921818.274,
      "rsm2": 130.64817871432155
    },
    "CLIMATIZAÇÃO": {
      "valor": 215870.0,
      "rsm2": 30.59499158839695
    },
    "REVESTIMENTOS INTERNOS DE PAREDE": {
      "valor": 1040864.5783815478,
      "rsm2": 147.52046611499418
    },
    "REVESTIMENTOS E ACABAMENTOS INTERNOS EM TETO": {
      "valor": 395712.9513665999,
      "rsm2": 56.083913552049175
    },
    "PISOS E PAVIMENTAÇÕES": {
      "valor": 1618590.1647198198,
      "rsm2": 229.4008082395188
    },
    "SISTEMAS DE PINTURA INTERNA": {
      "valor": 1082873.3504269978,
      "rsm2": 153.47431809706407
    },
    "ESQUADRIAS - VIDROS E FERRAGENS": {
      "valor": 1895713.6419993977,
      "rsm2": 268.67718039088766
    },
    "LOUÇAS E METAIS": {
      "valor": 267848.58400000003,
      "rsm2": 37.96185284867761
    },
    "COBERTURA": {
      "valor": 97712.47189799999,
      "rsm2": 13.848669364899166
    },
    "REVESTIMENTOS E ACABAMENTOS DE FACHADA": {
      "valor": 1268209.9475050003,
      "rsm2": 179.74184776132313
    },
    "SERVIÇOS COMPLEMENTARES E FINAIS": {
      "valor": 1745796.3579999998,
      "rsm2": 247.42958673305242
    },
    "IMPREVISTOS E CONTINGÊNCIAS": {
      "valor": 505168.825394422,
      "rsm2": 71.59696096568634
    }
  },
  "disciplinas": {
    "Insumos ABC": {
      "total": 916420.3467225948,
      "rsm2": 129.88313707052208,
      "n_itens": 392,
      "subcategorias": {}
    }
  },
  "indices_consumo": {},
  "split_mo_material": {
    "Insumos ABC": {
      "mo_pct": 0.112,
      "material_pct": 0.888
    }
  },
  "curva_abc": {
    "Insumos ABC": {
      "top_20_pct": 0.715,
      "n_itens_total": 392,
      "itens": [
        {
          "desc": "ESPACADOR CIRCULAR 40MM",
          "pct": 0.178,
          "total": 163512.03705999997
        },
        {
          "desc": "BLOCO CERAMICO VEDACAO 11,5 X 19 X 29 CM - FUROS NA HORIZONT",
          "pct": 0.076,
          "total": 69366.23999999998
        },
        {
          "desc": "BLOCO CERAMICO VEDACAO 14 X 19 X 29 CM - FUROS NA HORIZONTAL",
          "pct": 0.055,
          "total": 50778.72
        },
        {
          "desc": "ACO CA-50A 6,30 MM (1/4)",
          "pct": 0.05,
          "total": 46245.441
        },
        {
          "desc": "ARGAMASSA COLANTE AC II",
          "pct": 0.039,
          "total": 35475.964199999995
        },
        {
          "desc": "ACO CA-50A 12,50 MM (1/2)",
          "pct": 0.033,
          "total": 30519.379000000004
        },
        {
          "desc": "MASSA CORRIDA PVA",
          "pct": 0.032,
          "total": 29609.854572000004
        },
        {
          "desc": "LOCAÇÃO DE ESCORAS METÁLICAS (3,20MT)",
          "pct": 0.028,
          "total": 25956.32
        },
        {
          "desc": "ARGAMASSA COLANTE AC III",
          "pct": 0.026,
          "total": 24086.921200000004
        },
        {
          "desc": "ACO CA-50A 10,00 MM (3/8)",
          "pct": 0.024,
          "total": 22392.271
        },
        {
          "desc": "ACO CA-50A 8,00 MM (5/16)",
          "pct": 0.024,
          "total": 21949.191000000003
        },
        {
          "desc": "CHAPISCO COLANTE 20KG",
          "pct": 0.021,
          "total": 19416.348000000005
        },
        {
          "desc": "ACO CA-50A 16,00 MM (5/8)",
          "pct": 0.021,
          "total": 19100.752096
        },
        {
          "desc": "ESPACADOR PVC NIVELAMENTO REVESTIMENTO 1,0MM NBR 6118",
          "pct": 0.02,
          "total": 18369.233999999993
        },
        {
          "desc": "CIMENTO PORTLAND CP II 32 - Z",
          "pct": 0.018,
          "total": 16240.740750000006
        },
        {
          "desc": "MAO DE OBRA APLICACAO DE PINTURA EM PAREDES - 3 DEMAO",
          "pct": 0.016,
          "total": 14665.200000000003
        },
        {
          "desc": "MAO DE OBRA PARA CHAPISCO E REBOCO INTERNOS",
          "pct": 0.016,
          "total": 14550.46
        },
        {
          "desc": "ACO CA-50A 25,00 MM (1)",
          "pct": 0.012,
          "total": 11155.76
        },
        {
          "desc": "PINO LISO P/FIXACAO DIRETA C/ARRUELA 23MM CONICA 1/4\"X28MM",
          "pct": 0.012,
          "total": 10920.449999999997
        },
        {
          "desc": "TINTA ACRILICO PREMIUM FOSCO",
          "pct": 0.012,
          "total": 10664.063824
        }
      ]
    }
  },
  "instalacoes_breakdown": {
    "eletricas": {
      "valor": 1030507.94,
      "rsm2": 146.05
    },
    "hidrossanitarias": {
      "valor": 797668.85,
      "rsm2": 113.05
    },
    "preventivas": {
      "valor": 147464.76,
      "rsm2": 20.9
    },
    "telecom": {
      "valor": 116419.55,
      "rsm2": 16.5
    }
  },
  "ci_detalhado": {
    "projetos_consultorias": {
      "valor": 4113807.52
    },
    "taxas_licencas": {
      "valor": null
    },
    "equipe_adm": {
      "valor": null,
      "prazo_meses": null
    },
    "epcs": {
      "valor": null
    },
    "equipamentos_carga": {
      "valor": null
    },
    "ensaios": {
      "valor": null
    },
    "canteiro": {
      "valor": null
    }
  },
  "loucas_metais_detail": {
    "bacias_sanitarias": {
      "qtd": 690,
      "valor": null,
      "pu": null
    },
    "cubas": {
      "qtd": 11,
      "valor": null,
      "pu": null
    },
    "torneiras": {
      "qtd": 12,
      "valor": null,
      "pu": null
    },
    "registros": {
      "qtd": 5,
      "valor": null
    },
    "chuveiros": {
      "qtd": null,
      "valor": null
    },
    "bancadas_granito": {
      "m2": 14,
      "valor": null
    },
    "metais_total": {
      "valor": null
    },
    "loucas_total": {
      "valor": null
    }
  },
  "sistemas_especiais_detail": {
    "elevadores": {
      "valor": null,
      "qtd": null,
      "pu_un": null
    },
    "gerador": {
      "valor": null
    },
    "piscina": {
      "valor": 33364.59
    },
    "ete": {
      "valor": null
    },
    "automacao": {
      "valor": null
    }
  },
  "esquadrias_detail": {
    "aluminio": {
      "valor": null,
      "area_m2": null,
      "pu_m2": null
    },
    "guarda_corpo": {
      "valor": null,
      "comprimento_m": null,
      "pu_m": null
    },
    "portas_madeira": {
      "valor": null,
      "qtd": null,
      "pu_un": null
    },
    "portas_corta_fogo": {
      "valor": null,
      "qtd": null,