{
  "projeto": "amalfi-marine",
  "ac": 521.7076950240738,
  "ur": null,
  "total": 14107283.053041,
  "rsm2": 27040.588413000176,
  "macrogrupos": {
    "GERENCIAMENTO TÉCNICO E ADMINISTRATIVO": {
      "valor": 2346985.5392969996,
      "rsm2": 4498.659999999999
    },
    "MOVIMENTAÇÃO DE TERRA": {
      "valor": 75751.4,
      "rsm2": 145.19893174376986
    },
    "INFRAESTRUTURA": {
      "valor": 1547469.931932,
      "rsm2": 2966.162751079593
    },
    "SUPRAESTRUTURA": {
      "valor": 2179724.349128,
      "rsm2": 4178.056735443433
    },
    "PAREDES E PAINÉIS": {
      "valor": 526843.6032929999,
      "rsm2": 1009.8444173201032
    },
    "INSTALAÇÕES ELÉTRICAS, HIDRÁULICAS, GLP E PREVENTIVAS": {
      "valor": 1265384.630872,
      "rsm2": 2425.4666797920427
    },
    "EQUIPAMENTOS E SISTEMAS ESPECIAIS": {
      "valor": 772790.17,
      "rsm2": 1481.2704074919582
    },
    "IMPERMEABILIZAÇÃO": {
      "valor": 301136.37873100006,
      "rsm2": 577.2128370027287
    },
    "REVESTIMENTOS INTERNOS DE PAREDE": {
      "valor": 734502.6840530001,
      "rsm2": 1407.881637665143
    },
    "REVESTIMENTOS E ACABAMENTOS INTERNOS EM TETO": {
      "valor": 188929.067902,
      "rsm2": 362.13586593404955
    },
    "PISOS E PAVIMENTAÇÕES": {
      "valor": 642162.671042,
      "rsm2": 1230.8859485240444
    },
    "PINTURA INTERNA": {
      "valor": 642045.0745010001,
      "rsm2": 1230.6605415727545
    },
    "ESQUADRIAS, VIDROS E FERRAGENS": {
      "valor": 1068293.276036,
      "rsm2": 2047.6854879181042
    },
    "LOUÇAS E METAIS": {
      "valor": 107044.97999999998,
      "rsm2": 205.18190745693423
    },
    "COBERTURA": {
      "valor": 67658.498326,
      "rsm2": 129.68660223207547
    },
    "REVESTIMENTOS E ACABAMENTOS DE FACHADA": {
      "valor": 555261.9598000001,
      "rsm2": 1064.3162159499639
    },
    "SERVIÇOS COMPLEMENTARES": {
      "valor": 1085298.838128,
      "rsm2": 2080.2814458734783
    }
  },
  "disciplinas": {},
  "indices_consumo": {},
  "split_mo_material": {},
  "curva_abc": {},
  "instalacoes_breakdown": {},
  "instalacoes_extraction_method": "Manual: only combined total",
  "instalacoes_note": "Only combined INSTALAÇÕES total: R$1,265,384.63 (no sub-discipline breakdown)",
  "ci_detalhado": {
    "projetos_consultorias": {
      "valor": 2346985.54
    },
    "taxas_licencas": {
      "valor": null
    },
    "equipe_adm": {
      "valor": null,
      "prazo_meses": null
    },
    "epcs": {
      "valor": null
    },
    "equipamentos_carga": {
      "valor": null
    },
    "ensaios": {
      "valor": null
    },
    "canteiro": {
      "valor": null
    }
  },
  "esquadrias_detail": {
    "aluminio": {
      "valor": null,
      "area_m2": null,
      "pu_m2": null
    },
    "guarda_corpo": {
      "valor": null,
      "comprimento_m": null,
      "pu_m": null
    },
    "portas_madeira": {
      "valor": null,
      "qtd": null,
      "pu_un": null
    },
    "portas_corta_fogo": {
      "valor": null,
      "qtd": null,
      "pu_un": null
    },
    "vidros": {
      "valor": null
    },
    "pele_vidro": {
      "valor": null
    },
    "brises": {
      "valor": null
    },
    "total": 1068293.28
  },
  "fachada_detail": {
    "reboco_externo": {
      "valor": null
    },
    "textura_pintura_ext": {
      "valor": null
    },
    "pastilha_porcelanato": {
      "valor": null
    },
    "juntas": {
      "valor": null
    },
    "total": 555261.96
  },
  "acabamentos_pus": {
    "porcelanato_pu_m2": null,
    "ceramica_pu_m2": null,
    "laminado_pu_m2": null,
    "rodape_pu_m": null,
    "contrapiso_pu_m2": null,
    "forro_gesso_pu_m2": null,
    "pintura_parede_pu_m2": null,
    "chapisco_pu_m2": null,
    "reboco_pu_m2": null
  },
  "qualitative": {
    "updated_at": "2026-04-13T19:49:24",
    "phase1_extraction": {
      "n_abas": 3,
      "total_itens": 63,
      "total_observacoes": 8,
      "fonte": "scripts/extract_itens_detalhados.py",
      "json_path": "C:/Users/leona/orcamentos-openclaw/base/itens-detalhados/amalfi-marine.json"
    },
    "sub_disciplinas": [
      {
        "macrogrupo": "Geral",
        "sub_disciplina": "GERENCIAMENTO TÉCNICO E ADMINISTRATIVO",
        "itens_exemplo": [
          "pu=3135.89",
          "pu=885.31"
        ]
      },
      {
        "macrogrupo": "Estrutura",
        "sub_disciplina": "SUPRAESTRUTURA",
        "itens_exemplo": [
          "pu=484.53",
          "pu=822.21"
        ]
      },
      {
        "macrogrupo": "Infraestrutura",
        "sub_disciplina": "INFRAESTRUTURA",
        "itens_exemplo": [
          "pu=343.98",
          "pu=583.72"
        ]
      },
      {
        "macrogrupo": "Instalações",
        "sub_disciplina": "INSTALAÇÕES ELÉTRICAS, HIDRÁULICAS, GLP E PREVENTIVAS",
        "itens_exemplo": [
          "pu=281.28",
          "pu=477.32"
        ]
      },
      {
        "macrogrupo": "Acabamentos e Serviços",
        "sub_disciplina": "SERVIÇOS COMPLEMENTARES",
        "itens_exemplo": [
          "pu=241.25",
          "pu=409.39"
        ]
      },
      {
        "macrogrupo": "Acabamentos e Serviços",
        "sub_disciplina": "ESQUADRIAS, VIDROS E FERRAGENS",
        "itens_exemplo": [
          "pu=237.47",
          "pu=402.97"
        ]
      },
      {
        "macrogrupo": "Equipamentos",
        "sub_disciplina": "EQUIPAMENTOS E SISTEMAS ESPECIAIS",
        "itens_exemplo": [
          "pu=171.78",
          "pu=291.50"
        ]
      }
    ],
    "observacoes_orcamentista": [],
    "padroes_identificados": [
      "A estrutura de categorias de custo (Gerenciamento Técnico e Administrativo, Supraestrutura, Infraestrutura, etc.) é idêntica e repetida entre as seções ORÇAMENTO_EXECUTIVO e AREAS PRIVATIVAS."
    ],
    "fora_da_curva": [],
    "phase2_meta": {
      "model": "gemma4:e4b",
      "ts": "2026-04-12T20:34:00",
      "duration_s": 60.1,
      "compact_chars": 1173
    },
    "pdf_metadata": {
      "ac_m2": "4.498,66",
      "ur": "27",
      "tipologia": "Residencial/Lançamento Imobiliário",
      "data_base": "JUL/23",
      "cub_referencia": "R$ 2.750,52"
    },
    "premissas_tecnicas": [
      {
        "area": "ÁREA PRIVATIVA TOTAL",
        "premissa": "2.651,04 m²"
      },
      {
        "area": "UNIDADES",
        "premissa": "27 un"
      },
      {
        "area": "VAGAS DE GARAGEM",
        "premissa": "29 un"
      },
      {
        "area": "AP/AC",
        "premissa": "58,93%"
      }
    ],
    "bdi_encargos": [],
    "decisoes_consolidadas": [
      {
        "contexto": "ANÁLISE DE CUSTOS",
        "decisao": "Total de custo ajustado: -3.120,00 (2.583,13 vs 2.320,00)"
      }
    ],
    "observacoes_chave_pdf": [
      "TOTAL ORÇADO: R$ 14.107.283,05",
      "Valor por Área Privativa (R$/m²): R$ 5.321,41",
      "PRINCIPAIS CUSTOS PERCENTUAIS POR ETAPA DE EXECUÇÃO: SUPRAESTRUTURA (16,64%) e GERENCIAMENTO TÉCNICO (7,69%)"
    ],
    "phase3_meta": {
      "model": "gemma4:e4b",
      "ts": "2026-04-12T23:47:02",
      "duration_s": 65.2,
      "excerpt_chars": 2916
    }
  }
}