{
  "projeto": "amalfi-ravello",
  "ac": 353.32967195394065,
  "ur": null,
  "total": 39313735.22500839,
  "rsm2": 111266.44135942608,
  "macrogrupos": {
    "GERENCIAMENTO TÉCNICO E ADMINISTRATIVO": {
      "valor": 4746733.278634106,
      "rsm2": 13434.29
    },
    "MOVIMENTAÇÃO DE TERRA": {
      "valor": 91928.48,
      "rsm2": 260.1776394595685
    },
    "INFRAESTRUTURA": {
      "valor": 2255917.76645,
      "rsm2": 6384.739085100322
    },
    "SUPRAESTRUTURA": {
      "valor": 8729125.641673552,
      "rsm2": 24705.32857713536
    },
    "PAREDES E PAINÉIS": {
      "valor": 2130837.237475,
      "rsm2": 6030.733919660083
    },
    "INSTALAÇÕES ELÉTRICAS, HIDRÁULICAS, GLP E PREVENTIVAS": {
      "valor": 4165611.57711825,
      "rsm2": 11789.588896064384
    },
    "EQUIPAMENTOS E SISTEMAS ESPECIAIS": {
      "valor": 1645380.9009,
      "rsm2": 4656.786654234033
    },
    "IMPERMEABILIZAÇÃO": {
      "valor": 818981.422393,
      "rsm2": 2317.8959691213277
    },
    "REVESTIMENTOS INTERNOS DE PAREDE": {
      "valor": 2263752.86856,
      "rsm2": 6406.91413217936
    },
    "REVESTIMENTOS E ACABAMENTOS INTERNOS EM TETO": {
      "valor": 721151.754491,
      "rsm2": 2041.016681398351
    },
    "PISOS E PAVIMENTAÇÕES": {
      "valor": 1910601.7635690002,
      "rsm2": 5407.419515613346
    },
    "PINTURA INTERNA": {
      "valor": 1868988.4375079998,
      "rsm2": 5289.644730860978
    },
    "ESQUADRIAS, VIDROS E FERRAGENS": {
      "valor": 3063178.7750999997,
      "rsm2": 8669.463728195773
    },
    "LOUÇAS E METAIS": {
      "valor": 413329.74024,
      "rsm2": 1169.8132736892837
    },
    "REVESTIMENTOS E ACABAMENTOS DE FACHADA": {
      "valor": 2223672.44718,
      "rsm2": 6293.477801858298
    },
    "SERVIÇOS COMPLEMENTARES": {
      "valor": 2264543.13371648,
      "rsm2": 6409.150754855599
    }
  },
  "disciplinas": {},
  "indices_consumo": {},
  "split_mo_material": {},
  "curva_abc": {}
}