{
  "projeto": "amalfi-ravello",
  "ac": 353.32967195394065,
  "ur": null,
  "total": 39313735.22500839,
  "rsm2": 111266.44135942608,
  "macrogrupos": {
    "GERENCIAMENTO TÉCNICO E ADMINISTRATIVO": {
      "valor": 4746733.278634106,
      "rsm2": 13434.29
    },
    "MOVIMENTAÇÃO DE TERRA": {
      "valor": 91928.48,
      "rsm2": 260.1776394595685
    },
    "INFRAESTRUTURA": {
      "valor": 2255917.76645,
      "rsm2": 6384.739085100322
    },
    "SUPRAESTRUTURA": {
      "valor": 8729125.641673552,
      "rsm2": 24705.32857713536
    },
    "PAREDES E PAINÉIS": {
      "valor": 2130837.237475,
      "rsm2": 6030.733919660083
    },
    "INSTALAÇÕES ELÉTRICAS, HIDRÁULICAS, GLP E PREVENTIVAS": {
      "valor": 4165611.57711825,
      "rsm2": 11789.588896064384
    },
    "EQUIPAMENTOS E SISTEMAS ESPECIAIS": {
      "valor": 1645380.9009,
      "rsm2": 4656.786654234033
    },
    "IMPERMEABILIZAÇÃO": {
      "valor": 818981.422393,
      "rsm2": 2317.8959691213277
    },
    "REVESTIMENTOS INTERNOS DE PAREDE": {
      "valor": 2263752.86856,
      "rsm2": 6406.91413217936
    },
    "REVESTIMENTOS E ACABAMENTOS INTERNOS EM TETO": {
      "valor": 721151.754491,
      "rsm2": 2041.016681398351
    },
    "PISOS E PAVIMENTAÇÕES": {
      "valor": 1910601.7635690002,
      "rsm2": 5407.419515613346
    },
    "PINTURA INTERNA": {
      "valor": 1868988.4375079998,
      "rsm2": 5289.644730860978
    },
    "ESQUADRIAS, VIDROS E FERRAGENS": {
      "valor": 3063178.7750999997,
      "rsm2": 8669.463728195773
    },
    "LOUÇAS E METAIS": {
      "valor": 413329.74024,
      "rsm2": 1169.8132736892837
    },
    "REVESTIMENTOS E ACABAMENTOS DE FACHADA": {
      "valor": 2223672.44718,
      "rsm2": 6293.477801858298
    },
    "SERVIÇOS COMPLEMENTARES": {
      "valor": 2264543.13371648,
      "rsm2": 6409.150754855599
    }
  },
  "disciplinas": {},
  "indices_consumo": {},
  "split_mo_material": {
    "preventivas": {
      "mo_valor": 107474.32,
      "material_valor": 315509.8,
      "mo_pct": 25.4
    }
  },
  "curva_abc": {},
  "instalacoes_breakdown": {
    "hidrossanitarias": 1435035.74,
    "eletricas": 2019906.65,
    "preventivas": 422984.12,
    "gas": 192000.0,
    "telecom": 250812.77
  },
  "instalacoes_extraction_method": "Manual: Relatório N1 codes 02.06-02.09",
  "ci_detalhado": {
    "projetos_consultorias": {
      "valor": 4746733.28
    },
    "taxas_licencas": {
      "valor": null
    },
    "equipe_adm": {
      "valor": null,
      "prazo_meses": null
    },
    "epcs": {
      "valor": null
    },
    "equipamentos_carga": {
      "valor": null
    },
    "ensaios": {
      "valor": null
    },
    "canteiro": {
      "valor": null
    }
  },
  "esquadrias_detail": {
    "aluminio": {
      "valor": null,
      "area_m2": null,
      "pu_m2": null
    },
    "guarda_corpo": {
      "valor": null,
      "comprimento_m": null,
      "pu_m": null
    },
    "portas_madeira": {
      "valor": null,
      "qtd": null,
      "pu_un": null
    },
    "portas_corta_fogo": {
      "valor": null,
      "qtd": null,
      "pu_un": null
    },
    "vidros": {
      "valor": null
    },
    "pele_vidro": {
      "valor": null
    },
    "brises": {
      "valor": null
    },
    "total": 3007096.12
  },
  "fachada_detail": {
    "reboco_externo": {
      "valor": null
    },
    "textura_pintura_ext": {
      "valor": null
    },
    "pastilha_porcelanato": {
      "valor": null
    },
    "juntas": {
      "valor": null
    },
    "total": 2182960.02
  },
  "acabamentos_pus": {
    "porcelanato_pu_m2": null,
    "ceramica_pu_m2": null,
    "laminado_pu_m2": null,
    "rodape_pu_m": null,
    "contrapiso_pu_m2": null,
    "forro_gesso_pu_m2": null,
    "pintura_parede_pu_m2": null,
    "chapisco_pu_m2": null,
    "reboco_pu_m2": null
  },
  "qualitative": {
    "updated_at": "2026-04-13T01:25:21",
    "phase1_extraction": {
      "n_abas": 6,
      "total_itens": 276,
      "total_observacoes": 9,
      "fonte": "scripts/extract_itens_detalhados.py",
      "json_path": "C:/Users/leona/orcamentos-openclaw/base/itens-detalhados/amalfi-ravello.json"
    },
    "sub_disciplinas": [
      {
        "macrogrupo": "SUPRAESTRUTURA",
        "sub_disciplina": "Estrutura",
        "itens_exemplo": [
          "pu=637.85",
          "pu=649.76"
        ]
      },
      {
        "macrogrupo": "INSTALAÇÕES ELÉTRICAS, HIDRÁULICAS, GLP E PREVENTIVAS",
        "sub_disciplina": "MEP",
        "itens_exemplo": [
          "pu=304.42",
          "pu=310.07"
        ]
      },
      {
        "macrogrupo": "ESQUADRIAS, VIDROS E FERRAGENS",
        "sub_disciplina": "Fechamentos",
        "itens_exemplo": [
          "pu=223.84",
          "pu=228.01"
        ]
      },
      {
        "macrogrupo": "REVESTIMENTOS INTERNOS DE PAREDE",
        "sub_disciplina": "Acabamento",
        "itens_exemplo": [
          "pu=165.42",
          "pu=168.51"
        ]
      },
      {
        "macrogrupo": "SERVIÇOS COMPLEMENTARES",
        "sub_disciplina": "Serviços Gerais",
        "itens_exemplo": [
          "pu=165.48",
          "pu=168.56"
        ]
      },
      {
        "macrogrupo": "INFRAESTRUTURA",
        "sub_disciplina": "Terreno",
        "itens_exemplo": [
          "pu=167.92"
        ]
      },
      {
        "macrogrupo": "GERENCIAMENTO TÉCNICO E ADMINISTRATIVO",
        "sub_disciplina": "Gestão",
        "itens_exemplo": [
          "pu=353.33"
        ]
      }
    ],
    "observacoes_orcamentista": [],
    "padroes_identificados": [
      "O valor de TOTAL, GERENCIAMENTO TÉCNICO E ADMINISTRATIVO e INFRAESTRUTURA é idêntico entre os cenários SEM IMPREVISTOS e GER_EXECUTIVO."
    ],
    "fora_da_curva": [],
    "phase2_meta": {
      "model": "gemma4:e4b",
      "ts": "2026-04-12T20:35:21",
      "duration_s": 81.6,
      "compact_chars": 1012
    },
    "pdf_metadata": {
      "ac_m2": "13.434,29",
      "ur": null,
      "tipologia": "20 pavimentos, 15 tipos – 5 aptos por andar, 3 pavimentos de garagem, 2 salas comerciais",
      "data_base": "FEV/24",
      "cub_referencia": null
    },
    "premissas_tecnicas": [
      {
        "area": "Geral",
        "premissa": "Quantificação seguindo detalhamentos de projeto e resumo de quantitativo disponibilizado"
      },
      {
        "area": "Fundação e Supraestrutura",
        "premissa": "Exceção de quantidades de formas definidas por índices devido ausência de quantitativo"
      },
      {
        "area": "Arquitetura",
        "premissa": "Exceção de quantidades de tijolos refratários…"
      },
      {
        "area": "Supraestrutura",
        "premissa": "Montagem e desmontagem de formas considerando 8 utilizações"
      },
      {
        "area": "Supraestrutura",
        "premissa": "Armação com aço cortado e dobra em obra, considerando 10% de perda"
      },
      {
        "area": "Supraestrutura",
        "premissa": "Verba repassada pela Amalfi para concreto, consideração de 5% de perda"
      },
      {
        "area": "Supraestrutura",
        "premissa": "Verba repassada pela Amalfi para locação de cubetas até o lazer e aquisição para os pavimentos tipo"
      },
      {
        "area": "Supraestrutura",
        "premissa": "Verba repassada pela Amalafi para locação de escoramento metálico"
      },
      {
        "area": "Paredes e Painéis",
        "premissa": "Consideração de blocos de concreto sical em áreas de escadas, elevadores e reservatório, com argamassa usinada para assentamento"
      },
      {
        "area": "Paredes e Painéis",
        "premissa": "Consideração de blocos cerâmicos para demais vedação com argamassa usinada para assentamento"
      },
      {
        "area": "Impermeabilização",
        "premissa": "Consideração de material e mão de obra por serviço de impermeabilização"
      },
      {
        "area": "Geral",
        "premissa": "Custos considerando prazo de 42 meses de obra"
      }
    ],
    "bdi_encargos": [],