{
  "projeto": "amalfi-maiori",
  "ac": 396.6907974788741,
  "ur": null,
  "total": 25185732.852655,
  "rsm2": 63489.581842382606,
  "macrogrupos": {
    "GERENCIAMENTO TÉCNICO E ADMINISTRATIVO": {
      "valor": 3318913.557107,
      "rsm2": 8366.5
    },
    "MOVIMENTAÇÃO DE TERRA": {
      "valor": 61666.63950800001,
      "rsm2": 155.45265960268233
    },
    "INFRAESTRUTURA": {
      "valor": 1477672.3622639999,
      "rsm2": 3724.9978362371608
    },
    "SUPRAESTRUTURA": {
      "valor": 4952966.748233,
      "rsm2": 12485.711238352515
    },
    "PAREDES E PAINÉIS": {
      "valor": 957804.21052,
      "rsm2": 2414.485580727413
    },
    "INSTALAÇÕES ELÉTRICAS, HIDRÁULICAS, GLP E PREVENTIVAS": {
      "valor": 2471960.14,
      "rsm2": 6231.453201612637
    },
    "EQUIPAMENTOS E SISTEMAS ESPECIAIS": {
      "valor": 1127279.77,
      "rsm2": 2841.7089006458073
    },
    "IMPERMEABILIZAÇÃO": {
      "valor": 539873.23671,
      "rsm2": 1360.9421749662622
    },
    "REVESTIMENTOS INTERNOS DE PAREDE": {
      "valor": 1640085.044166,
      "rsm2": 4134.416665547537
    },
    "REVESTIMENTOS E ACABAMENTOS INTERNOS EM TETO": {
      "valor": 482761.180272,
      "rsm2": 1216.9709590949349
    },
    "PISOS E PAVIMENTAÇÕES": {
      "valor": 1116639.781709,
      "rsm2": 2814.887032433534
    },
    "PINTURA INTERNA": {
      "valor": 1143520.2358,
      "rsm2": 2882.6487608674574
    },
    "ESQUADRIAS, VIDROS E FERRAGENS": {
      "valor": 2795225.836806,
      "rsm2": 7046.359165805607
    },
    "LOUÇAS E METAIS": {
      "valor": 205366.23440000002,
      "rsm2": 517.6985090281477
    },
    "COBERTURA": {
      "valor": 123462.33310000002,
      "rsm2": 311.23064584470234
    },
    "REVESTIMENTOS E ACABAMENTOS DE FACHADA": {
      "valor": 1248713.67196,
      "rsm2": 3147.826165608242
    },
    "SERVIÇOS COMPLEMENTARES": {
      "valor": 1521821.8701000002,
      "rsm2": 3836.292346007964
    }
  },
  "disciplinas": {},
  "indices_consumo": {},
  "split_mo_material": {},
  "curva_abc": {}
}