{
  "projeto": "amalfi-ravello",
  "ac": 353.32967195394065,
  "ur": null,
  "total": 39313735.22500839,
  "rsm2": 111266.44135942608,
  "macrogrupos": {
    "GERENCIAMENTO TÉCNICO E ADMINISTRATIVO": {
      "valor": 4746733.278634106,
      "rsm2": 13434.29
    },
    "MOVIMENTAÇÃO DE TERRA": {
      "valor": 91928.48,
      "rsm2": 260.1776394595685
    },
    "INFRAESTRUTURA": {
      "valor": 2255917.76645,
      "rsm2": 6384.739085100322
    },
    "SUPRAESTRUTURA": {
      "valor": 8729125.641673552,
      "rsm2": 24705.32857713536
    },
    "PAREDES E PAINÉIS": {
      "valor": 2130837.237475,
      "rsm2": 6030.733919660083
    },
    "INSTALAÇÕES ELÉTRICAS, HIDRÁULICAS, GLP E PREVENTIVAS": {
      "valor": 4165611.57711825,
      "rsm2": 11789.588896064384
    },
    "EQUIPAMENTOS E SISTEMAS ESPECIAIS": {
      "valor": 1645380.9009,
      "rsm2": 4656.786654234033
    },
    "IMPERMEABILIZAÇÃO": {
      "valor": 818981.422393,
      "rsm2": 2317.8959691213277
    },
    "REVESTIMENTOS INTERNOS DE PAREDE": {
      "valor": 2263752.86856,
      "rsm2": 6406.91413217936
    },
    "REVESTIMENTOS E ACABAMENTOS INTERNOS EM TETO": {
      "valor": 721151.754491,
      "rsm2": 2041.016681398351
    },
    "PISOS E PAVIMENTAÇÕES": {
      "valor": 1910601.7635690002,
      "rsm2": 5407.419515613346
    },
    "PINTURA INTERNA": {
      "valor": 1868988.4375079998,
      "rsm2": 5289.644730860978
    },
    "ESQUADRIAS, VIDROS E FERRAGENS": {
      "valor": 3063178.7750999997,
      "rsm2": 8669.463728195773
    },
    "LOUÇAS E METAIS": {
      "valor": 413329.74024,
      "rsm2": 1169.8132736892837
    },
    "REVESTIMENTOS E ACABAMENTOS DE FACHADA": {
      "valor": 2223672.44718,
      "rsm2": 6293.477801858298
    },
    "SERVIÇOS COMPLEMENTARES": {
      "valor": 2264543.13371648,
      "rsm2": 6409.150754855599
    }
  },
  "disciplinas": {},
  "indices_consumo": {},
  "split_mo_material": {
    "preventivas": {
      "mo_valor": 107474.32,
      "material_valor": 315509.8,
      "mo_pct": 25.4
    }
  },
  "curva_abc": {},
  "instalacoes_breakdown": {
    "hidrossanitarias": 1435035.74,
    "eletricas": 2019906.65,
    "preventivas": 422984.12,
    "gas": 192000.0,
    "telecom": 250812.77
  },
  "instalacoes_extraction_method": "Manual: Relatório N1 codes 02.06-02.09",
  "ci_detalhado": {
    "projetos_consultorias": {
      "valor": 4746733.28
    },
    "taxas_licencas": {
      "valor": null
    },
    "equipe_adm": {
      "valor": null,
      "prazo_meses": null
    },
    "epcs": {
      "valor": null
    },
    "equipamentos_carga": {
      "valor": null
    },
    "ensaios": {
      "valor": null
    },
    "canteiro": {
      "valor": null
    }
  },
  "esquadrias_detail": {
    "aluminio": {
      "valor": null,
      "area_m2": null,
      "pu_m2": null
    },
    "guarda_corpo": {
      "valor": null,
      "comprimento_m": null,
      "pu_m": null
    },
    "portas_madeira": {
      "valor": null,
      "qtd": null,
      "pu_un": null
    },
    "portas_corta_fogo": {
      "valor": null,
      "qtd": null,
      "pu_un": null
    },
    "vidros": {
      "valor": null
    },
    "pele_vidro": {
      "valor": null
    },
    "brises": {
      "valor": null
    },
    "total": 3007096.12
  },
  "fachada_detail": {
    "reboco_externo": {
      "valor": null
    },
    "textura_pintura_ext": {
      "valor": null
    },
    "pastilha_porcelanato": {
      "valor": null
    },
    "juntas": {
      "valor": null
    },
    "total": 2182960.02
  },
  "acabamentos_pus": {
    "porcelanato_pu_m2": null,
    "ceramica_pu_m2": null,
    "laminado_pu_m2": null,
    "rodape_pu_m": null,
    "contrapiso_pu_m2": null,
    "forro_gesso_pu_m2": null,
    "pintura_parede_pu_m2": null,
    "chapisco_pu_m2": null,
    "reboco_pu_m2": null
  }
}