{
  "projeto": "amalfi-maiori",
  "ac": 396.6907974788741,
  "ur": null,
  "total": 25185732.852655,
  "rsm2": 63489.581842382606,
  "macrogrupos": {
    "GERENCIAMENTO TÉCNICO E ADMINISTRATIVO": {
      "valor": 3318913.557107,
      "rsm2": 8366.5
    },
    "MOVIMENTAÇÃO DE TERRA": {
      "valor": 61666.63950800001,
      "rsm2": 155.45265960268233
    },
    "INFRAESTRUTURA": {
      "valor": 1477672.3622639999,
      "rsm2": 3724.9978362371608
    },
    "SUPRAESTRUTURA": {
      "valor": 4952966.748233,
      "rsm2": 12485.711238352515
    },
    "PAREDES E PAINÉIS": {
      "valor": 957804.21052,
      "rsm2": 2414.485580727413
    },
    "INSTALAÇÕES ELÉTRICAS, HIDRÁULICAS, GLP E PREVENTIVAS": {
      "valor": 2471960.14,
      "rsm2": 6231.453201612637
    },
    "EQUIPAMENTOS E SISTEMAS ESPECIAIS": {
      "valor": 1127279.77,
      "rsm2": 2841.7089006458073
    },
    "IMPERMEABILIZAÇÃO": {
      "valor": 539873.23671,
      "rsm2": 1360.9421749662622
    },
    "REVESTIMENTOS INTERNOS DE PAREDE": {
      "valor": 1640085.044166,
      "rsm2": 4134.416665547537
    },
    "REVESTIMENTOS E ACABAMENTOS INTERNOS EM TETO": {
      "valor": 482761.180272,
      "rsm2": 1216.9709590949349
    },
    "PISOS E PAVIMENTAÇÕES": {
      "valor": 1116639.781709,
      "rsm2": 2814.887032433534
    },
    "PINTURA INTERNA": {
      "valor": 1143520.2358,
      "rsm2": 2882.6487608674574
    },
    "ESQUADRIAS, VIDROS E FERRAGENS": {
      "valor": 2795225.836806,
      "rsm2": 7046.359165805607
    },
    "LOUÇAS E METAIS": {
      "valor": 205366.23440000002,
      "rsm2": 517.6985090281477
    },
    "COBERTURA": {
      "valor": 123462.33310000002,
      "rsm2": 311.23064584470234
    },
    "REVESTIMENTOS E ACABAMENTOS DE FACHADA": {
      "valor": 1248713.67196,
      "rsm2": 3147.826165608242
    },
    "SERVIÇOS COMPLEMENTARES": {
      "valor": 1521821.8701000002,
      "rsm2": 3836.292346007964
    }
  },
  "disciplinas": {},
  "indices_consumo": {},
  "split_mo_material": {},
  "curva_abc": {},
  "instalacoes_breakdown": {},
  "instalacoes_extraction_method": "Manual: only combined total",
  "instalacoes_note": "Only combined INSTALAÇÕES total: R$2,471,960.14 (no sub-discipline breakdown)",
  "ci_detalhado": {
    "projetos_consultorias": {
      "valor": 3318913.56
    },
    "taxas_licencas": {
      "valor": null
    },
    "equipe_adm": {
      "valor": null,
      "prazo_meses": null
    },
    "epcs": {
      "valor": null
    },
    "equipamentos_carga": {
      "valor": null
    },
    "ensaios": {
      "valor": null
    },
    "canteiro": {
      "valor": null
    }
  },
  "esquadrias_detail": {
    "aluminio": {
      "valor": null,
      "area_m2": null,
      "pu_m2": null
    },
    "guarda_corpo": {
      "valor": null,
      "comprimento_m": null,
      "pu_m": null
    },
    "portas_madeira": {
      "valor": null,
      "qtd": null,
      "pu_un": null
    },
    "portas_corta_fogo": {
      "valor": null,
      "qtd": null,
      "pu_un": null
    },
    "vidros": {
      "valor": null
    },
    "pele_vidro": {
      "valor": null
    },
    "brises": {
      "valor": null
    },
    "total": 2795225.84
  },
  "fachada_detail": {
    "reboco_externo": {
      "valor": null
    },
    "textura_pintura_ext": {
      "valor": null
    },
    "pastilha_porcelanato": {
      "valor": null
    },
    "juntas": {
      "valor": null
    },
    "total": 1248713.67
  },
  "acabamentos_pus": {
    "porcelanato_pu_m2": null,
    "ceramica_pu_m2": null,
    "laminado_pu_m2": null,
    "rodape_pu_m": null,
    "contrapiso_pu_m2": null,
    "forro_gesso_pu_m2": null,
    "pintura_parede_pu_m2": null,
    "chapisco_pu_m2": null,
    "reboco_pu_m2": null
  },
  "qualitative": {
    "updated_at": "2026-04-13T19:49:24",
    "phase1_extraction": {
      "n_abas": 3,
      "total_itens": 73,
      "total_observacoes": 2,
      "fonte": "scripts/extract_itens_detalhados.py",
      "json_path": "C:/Users/leona/orcamentos-openclaw/base/itens-detalhados/amalfi-maiori.json"
    },
    "sub_disciplinas": [
      {
        "macrogrupo": "Estrutura",
        "sub_disciplina": "SUPRAESTRUTURA",
        "itens_exemplo": [
          "SUPRAESTRUTURA"
        ]
      },
      {
        "macrogrupo": "Instalações",
        "sub_disciplina": "INSTALAÇÕES ELÉTRICAS, HIDRÁULICAS, GLP E PREVENTIVAS",
        "itens_exemplo": [
          "INSTALAÇÕES ELÉTRICAS, HIDRÁULICAS, GLP E PREVENTIVAS"
        ]
      },
      {
        "macrogrupo": "Acabamentos",
        "sub_disciplina": "ESQUADRIAS, VIDROS E FERRAGENS",
        "itens_exemplo": [
          "ESQUADRIAS, VIDROS E FERRAGENS"
        ]
      },
      {
        "macrogrupo": "Acabamentos",
        "sub_disciplina": "REVESTIMENTOS INTERNOS DE PAREDE",
        "itens_exemplo": [
          "REVESTIMENTOS INTERNOS DE PAREDE"
        ]
      },
      {
        "macrogrupo": "Acabamentos",
        "sub_disciplina": "PISOS E PAVIMENTAÇÕES",
        "itens_exemplo": [
          "PISOS E PAVIMENTAÇÕES"
        ]
      },
      {
        "macrogrupo": "Serviços Gerais",
        "sub_disciplina": "GERENCIAMENTO TÉCNICO E ADMINISTRATIVO",
        "itens_exemplo": [
          "GERENCIAMENTO TÉCNICO E ADMINISTRATIVO"
        ]
      },
      {
        "macrogrupo": "Serviços Gerais",
        "sub_disciplina": "INFRAESTRUTURA",
        "itens_exemplo": [
          "INFRAESTRUTURA"
        ]
      },
      {
        "macrogrupo": "Serviços Gerais",
        "sub_disciplina": "SERVIÇOS COMPLEMENTARES",
        "itens_exemplo": [
          "SERVIÇOS COMPLEMENTARES"
        ]
      }
    ],
    "observacoes_orcamentista": [
      {
        "contexto": "observações de orçamentista",
        "observacao": "SÓ CONSIDERA UM POUCO DE MANTA E POLIMERICO",
        "categoria": "alerta"
      },
      {
        "contexto": "observações de orçamentista",
        "observacao": "NÃO CONSIDERA TUDO OS INTEREIORES",
        "categoria": "alerta"
      }
    ],
    "padroes_identificados": [
      "Os valores de GERENCIAMENTO TÉCNICO E ADMINISTRATIVO e INSTALAÇÕES ELÉTRICAS, HIDRÁULICAS, GLP E PREVENTIVAS são idênticos em Planilha1, ORÇAMENTO_EXECUTIVO e AREAS PRIVATIVAS."
    ],
    "fora_da_curva": [],
    "phase2_meta": {
      "model": "gemma4:e4b",
      "ts": "2026-04-12T20:33:00",
      "duration_s": 86.7,
      "compact_chars": 1773
    },
    "pdf_metadata": {
      "ac_m2": "4.969,86",
      "ur": "60 un",
      "tipologia": "AMALFI – MAIORI",
      "data_base": "JUL/23",
      "cub_referencia": "2.747,90"
    },
    "premissas_tecnicas": [
      {
        "area": "GERENCIAMENTO TÉCNICO E ADMINISTRATIVO",
        "premissa": "13,18%"
      },
      {
        "area": "MOVIMENTAÇÃO DE TERRA",
        "premissa": "0,24%"
      },
      {
        "area": "INFRAESTRUTURA",
        "premissa": "5,87%"
      },
      {
        "area": "SUPRAESTRUTURA",
        "premissa": "19,67%"
      },
      {
        "area": "PAREDES E PAINÉIS",
        "premissa": "3,80%"
      },
      {
        "area": "INSTALAÇÕES ELÉTRICAS, HIDRÁULICAS, GLP E PREVENTIVAS",
        "premissa": "9,81%"
      },
      {
        "area": "EQUIPAMENTOS E SISTEMAS ESPECIAIS",
        "premissa": "4,48%"
      },
      {
        "area": "IMPERMEABILIZAÇÃO",
        "premissa": "2,14%"
      },
      {
        "area": "REVESTIMENTOS INTERNOS DE PAREDE",
        "premissa": "6,51%"
      },
      {
        "area": "REVESTIMENTOS E ACABAMENTOS INTERNOS EM TETO",
        "premissa": "1,92%"
      },
      {
        "area": "PISOS E PAVIMENTAÇÕES",
        "premissa": "4,43%"
      },
      {
        "area": "PINTURA INTERNA",
        "premissa": "4,54%"
      },
      {
        "area": "ESQUADRIAS, VIDROS E FERRAGENS",
        "premissa": "11,10%"
      },
      {
        "area": "LOUÇAS E METAIS",
        "premissa": "0,82%"
      },
      {
        "area": "COBERTURA",