{
  "projeto": "amalfi-marine",
  "ac": 521.7076950240738,
  "ur": null,
  "total": 14107283.053041,
  "rsm2": 27040.588413000176,
  "macrogrupos": {
    "GERENCIAMENTO TÉCNICO E ADMINISTRATIVO": {
      "valor": 2346985.5392969996,
      "rsm2": 4498.659999999999
    },
    "MOVIMENTAÇÃO DE TERRA": {
      "valor": 75751.4,
      "rsm2": 145.19893174376986
    },
    "INFRAESTRUTURA": {
      "valor": 1547469.931932,
      "rsm2": 2966.162751079593
    },
    "SUPRAESTRUTURA": {
      "valor": 2179724.349128,
      "rsm2": 4178.056735443433
    },
    "PAREDES E PAINÉIS": {
      "valor": 526843.6032929999,
      "rsm2": 1009.8444173201032
    },
    "INSTALAÇÕES ELÉTRICAS, HIDRÁULICAS, GLP E PREVENTIVAS": {
      "valor": 1265384.630872,
      "rsm2": 2425.4666797920427
    },
    "EQUIPAMENTOS E SISTEMAS ESPECIAIS": {
      "valor": 772790.17,
      "rsm2": 1481.2704074919582
    },
    "IMPERMEABILIZAÇÃO": {
      "valor": 301136.37873100006,
      "rsm2": 577.2128370027287
    },
    "REVESTIMENTOS INTERNOS DE PAREDE": {
      "valor": 734502.6840530001,
      "rsm2": 1407.881637665143
    },
    "REVESTIMENTOS E ACABAMENTOS INTERNOS EM TETO": {
      "valor": 188929.067902,
      "rsm2": 362.13586593404955
    },
    "PISOS E PAVIMENTAÇÕES": {
      "valor": 642162.671042,
      "rsm2": 1230.8859485240444
    },
    "PINTURA INTERNA": {
      "valor": 642045.0745010001,
      "rsm2": 1230.6605415727545
    },
    "ESQUADRIAS, VIDROS E FERRAGENS": {
      "valor": 1068293.276036,
      "rsm2": 2047.6854879181042
    },
    "LOUÇAS E METAIS": {
      "valor": 107044.97999999998,
      "rsm2": 205.18190745693423
    },
    "COBERTURA": {
      "valor": 67658.498326,
      "rsm2": 129.68660223207547
    },
    "REVESTIMENTOS E ACABAMENTOS DE FACHADA": {
      "valor": 555261.9598000001,
      "rsm2": 1064.3162159499639
    },
    "SERVIÇOS COMPLEMENTARES": {
      "valor": 1085298.838128,
      "rsm2": 2080.2814458734783
    }
  },
  "disciplinas": {},
  "indices_consumo": {},
  "split_mo_material": {},
  "curva_abc": {}
}