{
  "projeto": "as-ramos-paessaggio",
  "ac": 264.05240058477744,
  "ur": null,
  "total": 34284020.3225,
  "rsm2": 129837.94219092005,
  "macrogrupos": {
    "GERENCIAMENTO TÉCNICO E ADMINISTRATIVO": {
      "valor": 4316755.05,
      "rsm2": 16348.099999999999
    },
    "MOVIMENTAÇÃO DE TERRA": {
      "valor": 433474.53,
      "rsm2": 1641.6231363169425
    },
    "INFRAESTRUTURA": {
      "valor": 2351973.92,
      "rsm2": 8907.224152445711
    },
    "SUPRAESTRUTURA": {
      "valor": 6205050.3,
      "rsm2": 23499.314099239888
    },
    "ALVENARIA": {
      "valor": 750675.55,
      "rsm2": 2842.903712814328
    },
    "INSTALAÇÕES ELÉTRICAS, HIDRÁULICAS, GLP E PREVENTIVAS": {
      "valor": 2162277.88,
      "rsm2": 8188.821140089474
    },
    "EQUIPAMENTOS E SISTEMAS ESPECIAIS": {
      "valor": 3742631.2600000002,
      "rsm2": 14173.820240647197
    },
    "IMPERMEABILIZAÇÃO": {
      "valor": 345901.63,
      "rsm2": 1309.973434189415
    },
    "REVESTIMENTOS INTERNOS EM PISO E PAREDE": {
      "valor": 1005524.06,
      "rsm2": 3808.047409427598
    },
    "REVESTIMENTOS E ACABAMENTOS INTERNOS EM TETO": {
      "valor": 788306.73,
      "rsm2": 2985.4177741016365
    },
    "ACABAMENTOS EM PISO E PAREDE": {
      "valor": 2086193.3,
      "rsm2": 7900.679165877155
    },
    "PINTURA INTERNA": {
      "valor": 586946.49,
      "rsm2": 2222.8409539172253
    },
    "ESQUADRIAS, VIDROS E FERRAGENS": {
      "valor": 4078319.76,
      "rsm2": 15445.115253518032
    },
    "COBERTURA": {
      "valor": 164108.97,
      "rsm2": 621.5015263506787
    },
    "REVESTIMENTOS E ACABAMENTOS DE FACHADA": {
      "valor": 2729720.24,
      "rsm2": 10337.797474875022
    },
    "SERVIÇOS COMPLEMENTARES": {
      "valor": 1738475.6450000005,
      "rsm2": 6583.828214210233
    },
    "IMPREVISTOS E CONTINGENCIAS": {
      "valor": 797685.0075,
      "rsm2": 3020.9345028995212
    }
  },
  "disciplinas": {},
  "indices_consumo": {},
  "split_mo_material": {},
  "curva_abc": {}
}