{
  "projeto": "as-ramos-paessaggio",
  "ac": 264.05240058477744,
  "ur": null,
  "total": 34284020.3225,
  "rsm2": 129837.94219092005,
  "macrogrupos": {
    "GERENCIAMENTO TÉCNICO E ADMINISTRATIVO": {
      "valor": 4316755.05,
      "rsm2": 16348.099999999999
    },
    "MOVIMENTAÇÃO DE TERRA": {
      "valor": 433474.53,
      "rsm2": 1641.6231363169425
    },
    "INFRAESTRUTURA": {
      "valor": 2351973.92,
      "rsm2": 8907.224152445711
    },
    "SUPRAESTRUTURA": {
      "valor": 6205050.3,
      "rsm2": 23499.314099239888
    },
    "ALVENARIA": {
      "valor": 750675.55,
      "rsm2": 2842.903712814328
    },
    "INSTALAÇÕES ELÉTRICAS, HIDRÁULICAS, GLP E PREVENTIVAS": {
      "valor": 2162277.88,
      "rsm2": 8188.821140089474
    },
    "EQUIPAMENTOS E SISTEMAS ESPECIAIS": {
      "valor": 3742631.2600000002,
      "rsm2": 14173.820240647197
    },
    "IMPERMEABILIZAÇÃO": {
      "valor": 345901.63,
      "rsm2": 1309.973434189415
    },
    "REVESTIMENTOS INTERNOS EM PISO E PAREDE": {
      "valor": 1005524.06,
      "rsm2": 3808.047409427598
    },
    "REVESTIMENTOS E ACABAMENTOS INTERNOS EM TETO": {
      "valor": 788306.73,
      "rsm2": 2985.4177741016365
    },
    "ACABAMENTOS EM PISO E PAREDE": {
      "valor": 2086193.3,
      "rsm2": 7900.679165877155
    },
    "PINTURA INTERNA": {
      "valor": 586946.49,
      "rsm2": 2222.8409539172253
    },
    "ESQUADRIAS, VIDROS E FERRAGENS": {
      "valor": 4078319.76,
      "rsm2": 15445.115253518032
    },
    "COBERTURA": {
      "valor": 164108.97,
      "rsm2": 621.5015263506787
    },
    "REVESTIMENTOS E ACABAMENTOS DE FACHADA": {
      "valor": 2729720.24,
      "rsm2": 10337.797474875022
    },
    "SERVIÇOS COMPLEMENTARES": {
      "valor": 1738475.6450000005,
      "rsm2": 6583.828214210233
    },
    "IMPREVISTOS E CONTINGENCIAS": {
      "valor": 797685.0075,
      "rsm2": 3020.9345028995212
    }
  },
  "disciplinas": {},
  "indices_consumo": {},
  "split_mo_material": {},
  "curva_abc": {},
  "instalacoes_breakdown": {},
  "instalacoes_extraction_method": "Manual: only combined total",
  "instalacoes_note": "Only combined INSTALAÇÕES total: R$6,205,050.30 (no sub-discipline breakdown)",
  "ci_detalhado": {
    "projetos_consultorias": {
      "valor": 4316755.05
    },
    "taxas_licencas": {
      "valor": null
    },
    "equipe_adm": {
      "valor": null,
      "prazo_meses": null
    },
    "epcs": {
      "valor": null
    },
    "equipamentos_carga": {
      "valor": null
    },
    "ensaios": {
      "valor": null
    },
    "canteiro": {
      "valor": null
    }
  },
  "esquadrias_detail": {
    "aluminio": {
      "valor": null,
      "area_m2": null,
      "pu_m2": null
    },
    "guarda_corpo": {
      "valor": null,
      "comprimento_m": null,
      "pu_m": null
    },
    "portas_madeira": {
      "valor": null,
      "qtd": null,
      "pu_un": null
    },
    "portas_corta_fogo": {
      "valor": null,
      "qtd": null,
      "pu_un": null
    },
    "vidros": {
      "valor": null
    },
    "pele_vidro": {
      "valor": null
    },
    "brises": {
      "valor": null
    },
    "total": 4078319.76
  },
  "fachada_detail": {
    "reboco_externo": {
      "valor": null
    },
    "textura_pintura_ext": {
      "valor": null
    },
    "pastilha_porcelanato": {
      "valor": null
    },
    "juntas": {
      "valor": null
    },
    "total": 2729720.24
  },
  "acabamentos_pus": {
    "porcelanato_pu_m2": null,
    "ceramica_pu_m2": null,
    "laminado_pu_m2": null,
    "rodape_pu_m": null,
    "contrapiso_pu_m2": null,
    "forro_gesso_pu_m2": null,
    "pintura_parede_pu_m2": null,
    "chapisco_pu_m2": null,
    "reboco_pu_m2": null
  },
  "qualitative": {
    "updated_at": "2026-04-13T01:25:21",
    "phase1_extraction": {
      "n_abas": 2,
      "total_itens": 41,
      "total_observacoes": 16,
      "fonte": "scripts/extract_itens_detalhados.py",
      "json_path": "C:/Users/leona/orcamentos-openclaw/base/itens-detalhados/as-ramos-paessaggio.json"
    },
    "sub_disciplinas": [],
    "observacoes_orcamentista": [
      {
        "contexto": "observações de orçamentista",
        "observacao": "GERENCIAMENTO ADMINISTRATIVO",
        "categoria": "outro"
      },
      {
        "contexto": "observações de orçamentista",
        "observacao": "ALVENARIA, VEDAÇÕES E DIVISÓRIAS",
        "categoria": "outro"
      },
      {
        "contexto": "observações de orçamentista",
        "observacao": "SISTEMAS E INSTALAÇÕES ELÉTRICAS",
        "categoria": "outro"
      },
      {
        "contexto": "observações de orçamentista",
        "observacao": "SISTEMAS E INSTALAÇÕES HIDROSSANITÁRIAS E DRENAGEM",
        "categoria": "outro"
      },
      {
        "contexto": "observações de orçamentista",
        "observacao": "INSTALAÇÕES PREVENTIVAS E GLP",
        "categoria": "outro"
      }
    ],
    "padroes_identificados": [
      "MÃO DE OBRA",
      "SUPRAESTRUTURA",
      "GERENCIAMENTO TÉCNICO E ADMINISTRATIVO",
      "ESQUADRIAS, VIDROS E FERRAGENS",
      "EQUIPAMENTOS E SISTEMAS ESPECIAIS",
      "REVESTIMENTOS E ACABAMENTOS DE FACHADA",
      "INFRAESTRUTURA"
    ],
    "fora_da_curva": [],
    "phase2_meta": {
      "model": "gemma4:e4b",
      "ts": "2026-04-12T20:38:24",
      "duration_s": 56.4,
      "compact_chars": 1194
    },
    "pdf_metadata": {
      "ac_m2": "16.348,10",
      "ur": "55",
      "tipologia": "Residencial/Imobiliário",
      "data_base": "Abril/2023",
      "cub_referencia": null
    },
    "premissas_tecnicas": [
      {
        "area": "Geral",
        "premissa": "Custos diretos contemplados a partir da etapa “03”."
      },
      {
        "area": "EAP",
        "premissa": "As etapas de custos diretos estão divididas por pavimento, exceção de Equipamentos e Sistemas Especiais, Climatização, Exaustão e Pressurização, Telhado e Serviços complementares e finais."
      },
      {
        "area": "EAP",
        "premissa": "Etapa de Revestimentos e Acabamentos em Fachada está dividida por panos de fachada: Embasamento; Frontal; Posterior; Lateral direita; Lateral esquerda."
      },
      {
        "area": "Estrutura",
        "premissa": "Concreto de estacas com resistência de 30 Mpa, consideração de 20% de perda na composição."
      },
      {
        "area": "Estrutura",
        "premissa": "Concreto de blocos e baldrames com resistência de 30 e 45 Mpa."
      },
      {
        "area": "Estrutura",
        "premissa": "Custo de armação considerando corte e dobra em obra."
      },
      {
        "area": "Estrutura",
        "premissa": "Fabricação de forma em compensado plastificado, consideração de 3 jogos."
      },
      {
        "area": "Estrutura",
        "premissa": "Custo de armação considerando com corte e dobra em indústria."
      },
      {
        "area": "Estrutura",
        "premissa": "Concreto com resistência de 35, 40 e 45 Mpa – consideração de 5% de perda na composição."
      },
      {
        "area": "Alvenaria",
        "premissa": "Aplicação de blocos cerâmicos 9x19x29cm e 14x19x29cm."
      },
      {
        "area": "Alvenaria",
        "premissa": "Encunhamento nas últimas fiadas de alvenaria."
      },
      {
        "area": "Serviços Complementares",
        "premissa": "Impermeabilização de baldrames com tinta acrílica."
      },
      {
        "area": "Serviços Complementares",
        "premissa": "Quadra poliesportiva."
      }
    ],
    "bdi_encargos": [],
    "decisoes_consolidadas": [
      {
        "contexto": "Custos de distanciamento de rede de alta tensão",
        "decisao": "Considerado valor já realizado na obra."
      },
      {
        "contexto": "Infraestrutura de ar condicionado",
        "decisao": "Equipamentos apenas nas áreas comuns considerando 10 equipamentos previstos em projeto."
      },
      {
        "contexto": "Custos de materiais elétricos",