{
  "projeto": "blue-heaven-aquos",
  "ac": 9522.33,
  "ur": 12,
  "total": null,
  "rsm2": null,
  "macrogrupos": {},
  "disciplinas": {
    "Canteiro": {
      "total": 42700.0,
      "rsm2": 4.484196619944909,
      "n_itens": 8,
      "subcategorias": {
        "TOTAL": {
          "total": 20200.0,
          "n_itens": 3
        }
      }
    },
    "Gerenciamento": {
      "total": 15875194.073797436,
      "rsm2": 1667.1543701801384,
      "n_itens": 107,
      "subcategorias": {
        "01": {
          "total": 1723947.3375999997,
          "n_itens": 0
        },
        "01.001": {
          "total": 1416855.3299999998,
          "n_itens": 0
        },
        "01.001.001": {
          "total": 126080.208,
          "n_itens": 7
        },
        "01.001.002": {
          "total": 959892.33,
          "n_itens": 17
        },
        "01.001.003": {
          "total": 203539.2,
          "n_itens": 3
        },
        "01.001.004": {
          "total": 127343.592,
          "n_itens": 8
        },
        "01.002": {
          "total": 307092.0076,
          "n_itens": 0
        },
        "01.002.001": {
          "total": 33456.91,
          "n_itens": 1
        },
        "01.002.002": {
          "total": 236498.0106,
          "n_itens": 14
        },
        "01.002.003": {
          "total": 37137.087,
          "n_itens": 3
        },
        "02": {
          "total": 14017960.774297433,
          "n_itens": 0
        },
        "02.001": {
          "total": 796790.47702208,
          "n_itens": 0
        },
        "02.001.001": {
          "total": 288000.0,
          "n_itens": 1
        },
        "02.001.002": {
          "total": 423434.5470220801,
          "n_itens": 8
        },
        "02.001.003": {
          "total": 85355.93,
          "n_itens": 0
        },
        "02.002": {
          "total": 12268762.096608687,
          "n_itens": 0
        },
        "02.002.001": {
          "total": 11332543.072051052,
          "n_itens": 12
        },
        "02.002.002": {
          "total": 62000.0,
          "n_itens": 1
        },
        "02.002.003": {
          "total": 387651.36415763653,
          "n_itens": 8
        },
        "02.002.004": {
          "total": 486567.6604,
          "n_itens": 10
        },
        "02.002.005": {
          "total": 129600.0,
          "n_itens": 1
        },
        "02.003": {
          "total": 952408.2006666667,
          "n_itens": 0
        },
        "02.003.001": {
          "total": 808941.534,
          "n_itens": 10
        },
        "02.003.002": {
          "total": 143466.6666666667,
          "n_itens": 3
        }
      }
    }
  },
  "indices_consumo": {},
  "split_mo_material": {
    "Canteiro": {
      "mo_pct": 0.0,
      "material_pct": 1.0
    },
    "Gerenciamento": {
      "mo_pct": 0.0,
      "material_pct": 1.0
    }
  },
  "curva_abc": {
    "Canteiro": {
      "top_20_pct": 1.0,
      "n_itens_total": 8,
      "itens": [
        {
          "desc": "Computador pessoal",
          "pct": 0.457,
          "total": 19500.0
        },
        {
          "desc": "Ar condicionado",
          "pct": 0.234,
          "total": 10000.0
        },
        {
          "desc": "Escrivaninha",
          "pct": 0.094,
          "total": 4000.0
        },
        {
          "desc": "Armário",
          "pct": 0.084,
          "total": 3600.0
        },
        {
          "desc": "Impressora",
          "pct": 0.047,
          "total": 2000.0
        },
        {
          "desc": "Cadeira",
          "pct": 0.037,
          "total": 1600.0
        },
        {
          "desc": "Mesa",
          "pct": 0.023,
          "total": 1000.0
        },
        {
          "desc": "Roteador",
          "pct": 0.023,
          "total": 1000.0
        }
      ]
    },
    "Gerenciamento": {
      "top_20_pct": 0.819,
      "n_itens_total": 107,
      "itens": [
        {
          "desc": "02.002.001.011",
          "pct": 0.412,
          "total": 6540980.224051053
        },
        {
          "desc": "02.002.001.008",
          "pct": 0.087,
          "total": 1384416.0
        },
        {
          "desc": "02.002.001.005",
          "pct": 0.053,
          "total": 842400.0
        },
        {
          "desc": "02.002.001.010",
          "pct": 0.035,
          "total": 549378.72
        },
        {
          "desc": "02.002.001.001",
          "pct": 0.029,
          "total": 463680.0
        },
        {
          "desc": "02.002.001.009",
          "pct": 0.022,
          "total": 346104.0
        },
        {
          "desc": "02.002.001.012",
          "pct": 0.022,
          "total": 346104.0
        },
        {
          "desc": "01.001.002.014",
          "pct": 0.021,
          "total": 330000.0
        },
        {
          "desc": "02.001.001.001",
          "pct": 0.018,
          "total": 288000.0
        },
        {
          "desc": "02.002.001.007",
          "pct": 0.017,
          "total": 266400.0
        },
        {
          "desc": "02.002.001.006",
          "pct": 0.013,
          "total": 208800.0
        },
        {
          "desc": "02.003.001.009",
          "pct": 0.013,
          "total": 200000.0
        },
        {
          "desc": "02.002.003.002",
          "pct": 0.011,
          "total": 171964.42079559606
        },
        {
          "desc": "01.001.002.015",
          "pct": 0.011,
          "total": 170000.0
        },
        {
          "desc": "01.001.002.012",
          "pct": 0.01,
          "total": 154000.0
        },
        {
          "desc": "02.002.001.003",
          "pct": 0.01,
          "total": 153160.12799999997
        },
        {
          "desc": "02.001.002.006",
          "pct": 0.009,
          "total": 146835.8691552
        },
        {
          "desc": "01.001.003.003",
          "pct": 0.009,
          "total": 146384.0
        },
        {
          "desc": "01.002.002.011",
          "pct": 0.009,
          "total": 145025.0859
        },
        {
          "desc": "02.003.001.002",
          "pct": 0.009,
          "total": 144000.0
        }
      ]
    }
  },
  "instalacoes_breakdown": {},
  "instalacoes_extraction_method": "Manual fix: Obra sheet - combined INSTALAÇÕES line (no sub-discipline breakdown)",
  "instalacoes_note": "Only combined total available: R$2,919,086.68",
  "indices_estruturais": {
    "concreto_total_m3": 1857.74,
    "concreto_m3_por_m2_ac": 0.1951,
    "aco_total_kg": 91159.59,
    "aco_kg_por_m3_concreto": 49.07,
    "forma_total_m2": 4644.86,
    "forma_m2_por_m2_ac": 0.4878,
    "fck_predominante": "45MPa",
    "tipo_estaca": "hélice contínua",
    "estacas_comprimento_total_m": 4382.0,
    "fundacao_concreto_m3": 1281.32,
    "fundacao_aco_kg": 51601.69,
    "mo_estrutural_rsm2": 402.04
  },
  "ci_detalhado": {
    "projetos_consultorias": {
      "valor": 4123222.4000000004
    },
    "taxas_licencas": {
      "valor": 580727.11
    },
    "equipe_adm": {
      "valor": 23601305.17,
      "prazo_meses": null
    },
    "epcs": {
      "valor": 423434.55
    },
    "equipamentos_carga": {
      "valor": 6939450.73
    },
    "ensaios": {
      "valor": 197793.59
    },
    "canteiro": {
      "valor": 472151.36
    }
  },
  "esquadrias_detail": {
    "aluminio": {
      "valor": null,
      "area_m2": null,
      "pu_m2": null
    },
    "guarda_corpo": {
      "valor": null,
      "comprimento_m": null,
      "pu_m": null
    },
    "portas_madeira": {
      "valor": null,
      "qtd": null,
      "pu_un": null
    },
    "portas_corta_fogo": {
      "valor": null,
      "qtd": null,
      "pu_un": null
    },
    "vidros": {
      "valor": null
    },
    "pele_vidro": {
      "valor": null
    },
    "brises": {
      "valor": null
    },
    "total": null
  },
  "fachada_detail": {
    "reboco_externo": {
      "valor": null
    },
    "textura_pintura_ext": {
      "valor": null
    },