{
  "projeto": "brava-construtora-mar-a-vista",
  "ac": 563.1398278873736,
  "ur": null,
  "total": 10446494.54,
  "rsm2": 18550.44524055448,
  "macrogrupos": {
    "GERENCIAMENTO TÉCNICO E ADMINISTRATIVO": {
      "valor": 1757024.42,
      "rsm2": 3120.0499999999997
    },
    "MOVIMENTAÇÃO DE TERRA": {
      "valor": 76735.27,
      "rsm2": 136.2632621597257
    },
    "INFRAESTRUTURA": {
      "valor": 783900.64,
      "rsm2": 1392.017756834592
    },
    "SUPRAESTRUTURA": {
      "valor": 2467160.79,
      "rsm2": 4381.080271405392
    },
    "ALVENARIA": {
      "valor": 348134.35,
      "rsm2": 618.202323401686
    },
    "INSTALAÇÕES ELÉTRICAS, HIDRÁULICAS, GLP E PREVENTIVAS": {
      "valor": 1164752.43,
      "rsm2": 2068.318332890046
    },
    "EQUIPAMENTOS E SISTEMAS ESPECIAIS": {
      "valor": 334750.0,
      "rsm2": 594.434958109461
    },
    "IMPERMEABILIZAÇÃO": {
      "valor": 249600.14,
      "rsm2": 443.2294212547143
    },
    "REVESTIMENTOS INTERNOS DE PAREDE": {
      "valor": 605982.32,
      "rsm2": 1076.077893963477
    },
    "REVESTIMENTOS E ACABAMENTOS INTERNOS EM TETO": {
      "valor": 119794.21,
      "rsm2": 212.7255151698461
    },
    "PISOS E PAVIMENTAÇÕES": {
      "valor": 515781.63,
      "rsm2": 915.9033058183107
    },
    "PINTURA INTERNA": {
      "valor": 237376.62,
      "rsm2": 421.52340900930676
    },
    "ESQUADRIAS, VIDROS E FERRAGENS": {
      "valor": 1067596.6099999999,
      "rsm2": 1895.7931176793204
    },
    "REVESTIMENTOS E ACABAMENTOS DE FACHADA": {
      "valor": 506232.01,
      "rsm2": 898.9454926303756
    },
    "SERVIÇOS COMPLEMENTARES": {
      "valor": 86568.1,
      "rsm2": 153.7239877434373
    },
    "IMPREVISTOS E CONTINGENCIAS": {
      "valor": 125105.0,
      "rsm2": 222.156192484792
    }
  },
  "disciplinas": {},
  "indices_consumo": {},
  "split_mo_material": {},
  "curva_abc": {},
  "instalacoes_breakdown": {
    "eletricas": 328992.26,
    "hidrossanitarias": 263670.32,
    "preventivas": 49156.19,
    "gas": 151855.37,
    "telecom": 249943.24
  },
  "instalacoes_extraction_method": "Sienge Relatorio (v3)",
  "ci_detalhado": {
    "projetos_consultorias": {
      "valor": 1757024.42
    },
    "taxas_licencas": {
      "valor": null
    },
    "equipe_adm": {
      "valor": null,
      "prazo_meses": null
    },
    "epcs": {
      "valor": null
    },
    "equipamentos_carga": {
      "valor": null
    },
    "ensaios": {
      "valor": null
    },
    "canteiro": {
      "valor": null
    }
  },
  "esquadrias_detail": {
    "aluminio": {
      "valor": null,
      "area_m2": null,
      "pu_m2": null
    },
    "guarda_corpo": {
      "valor": null,
      "comprimento_m": null,
      "pu_m": null
    },
    "portas_madeira": {
      "valor": null,
      "qtd": null,
      "pu_un": null
    },
    "portas_corta_fogo": {
      "valor": null,
      "qtd": null,
      "pu_un": null
    },
    "vidros": {
      "valor": null
    },
    "pele_vidro": {
      "valor": null
    },
    "brises": {
      "valor": null
    },
    "total": 1067596.61
  },
  "fachada_detail": {
    "reboco_externo": {
      "valor": null
    },
    "textura_pintura_ext": {
      "valor": null
    },
    "pastilha_porcelanato": {
      "valor": null
    },
    "juntas": {
      "valor": null
    },
    "total": 506232.01
  },
  "acabamentos_pus": {
    "porcelanato_pu_m2": null,
    "ceramica_pu_m2": null,
    "laminado_pu_m2": null,
    "rodape_pu_m": null,
    "contrapiso_pu_m2": null,
    "forro_gesso_pu_m2": null,
    "pintura_parede_pu_m2": null,
    "chapisco_pu_m2": null,
    "reboco_pu_m2": null
  },
  "qualitative": {
    "updated_at": "2026-04-13T01:25:21",
    "phase1_extraction": {
      "n_abas": 3,
      "total_itens": 53,
      "total_observacoes": 3,
      "fonte": "scripts/extract_itens_detalhados.py",
      "json_path": "C:/Users/leona/orcamentos-openclaw/base/itens-detalhados/brava-construtora-mar-a-vista.json"
    },
    "sub_disciplinas": [
      {
        "macrogrupo": "Serviços Gerais",
        "sub_disciplina": "Gerenciamento Técnico e Administrativo",
        "itens_exemplo": [
          "GERENCIAMENTO TÉCNICO E ADMINISTRATIVO"
        ]
      },
      {
        "macrogrupo": "Estrutura",
        "sub_disciplina": "Supraestrutura",
        "itens_exemplo": [
          "SUPRAESTRUTURA"
        ]
      },
      {
        "macrogrupo": "Infraestrutura",
        "sub_disciplina": "Infraestrutura",
        "itens_exemplo": [
          "INFRAESTRUTURA"
        ]
      },
      {
        "macrogrupo": "Acabamentos e Instalações",
        "sub_disciplina": "Instalações",
        "itens_exemplo": [
          "INSTALAÇÕES ELÉTRICAS, HIDRÁULICAS, GLP E PREVENTIVAS"
        ]
      },
      {
        "macrogrupo": "Acabamentos e Instalações",
        "sub_disciplina": "Esquadrias",
        "itens_exemplo": [
          "ESQUADRIAS, VIDROS E FERRAGENS"
        ]
      },
      {
        "macrogrupo": "Acabamentos e Instalações",
        "sub_disciplina": "Revestimentos",
        "itens_exemplo": [
          "REVESTIMENTOS INTERNOS DE PAREDE"
        ]
      },
      {
        "macrogrupo": "Acabamentos e Instalações",
        "sub_disciplina": "Pisos",
        "itens_exemplo": [
          "PISOS E PAVIMENTAÇÕES"
        ]
      }
    ],
    "observacoes_orcamentista": [],
    "padroes_identificados": [],
    "fora_da_curva": [],
    "phase2_meta": {
      "model": "gemma4:e4b",
      "ts": "2026-04-12T20:49:44",
      "duration_s": 68.2,
      "compact_chars": 800
    },
    "pdf_metadata": {
      "ac_m2": "3.120,05",
      "ur": "27",
      "tipologia": "Apartamentos com espaço garden e infra para ofurô",
      "data_base": "fev/2024",
      "cub_referencia": "1.889,47"
    },
    "premissas_tecnicas": [
      {
        "area": "Movimentação de Terra",
        "premissa": "Movimentação de terra para bota fora, com 30% de fator de empolamento;"
      },
      {
        "area": "Infraestrutura",
        "premissa": "49 estacas raíz com diâmetro 40 cm;"
      },
      {
        "area": "Infraestrutura",
        "premissa": "23 estacas raíz com diâmetro 30cm;"
      },
      {
        "area": "Infraestrutura",
        "premissa": "Concreto de blocos e baldrames com resistência de 30 Mpa;"
      },
      {
        "area": "Infraestrutura",
        "premissa": "Parede de contenção em concreto com resistênciade 30 Mpa;"
      },
      {
        "area": "Superestrutura",
        "premissa": "Fabricação de forma em compensadoplastificado 17mm;"
      },
      {
        "area": "Superestrutura",
        "premissa": "Concreto com resistência de 30 Mpa considerando perda de 5%;"
      },
      {
        "area": "Superestrutura",
        "premissa": "Locação de escoramento metálico (1 jogo de escora por pavimento/mês);"
      },
      {
        "area": "Sistemas Especiais",
        "premissa": "Ventilação mecânica; Exaustão da churrasqueira no espaço gourmet; CFTV e interfonia."
      },
      {
        "area": "Áreas Molhadas",
        "premissa": "Área molhada de cozinha, área de serviço, banheiros e lavabos c… …PVC;"
      },
      {
        "area": "Acabamentos",
        "premissa": "Considerado piso em deck de madeira tratada no Garden (imagem anterior)."
      }
    ],
    "bdi_encargos": [],
    "decisoes_consolidadas": [
      {
        "contexto": "Sistemas Especiais",
        "decisao": "Consideramos material e mão de obra para instalação dos sistemas especiais através das informações fornecidas pelo cliente."
      },
      {
        "contexto": "Áreas Molhadas",
        "decisao": "Quantitativos retirados através do modelo arquitetônico;"
      },
      {
        "contexto": "Serviços Complementares",
        "decisao": "Valores considerados conforme informações fornecidas pela construtora."
      },
      {
        "contexto": "Imprevistos e Contingências",