{
  "projeto": "fg-blue-coast",
  "ac": 13131.849999999999,
  "ur": 35,
  "total": null,
  "rsm2": null,
  "macrogrupos": {},
  "disciplinas": {
    "Loucas e Metais": {
      "total": 2897.66490836,
      "rsm2": 0.22065930606578665,
      "n_itens": 21,
      "subcategorias": {}
    },
    "Instalacoes Hidraulicas": {
      "total": 1400999.3872708334,
      "rsm2": 106.6871299375818,
      "n_itens": 1003,
      "subcategorias": {
        "SEMIENTERRADO": {
          "total": 6812.920747500001,
          "n_itens": 43
        },
        "TÉRREO": {
          "total": 62242.967884999984,
          "n_itens": 137
        },
        "GARAGEM 4": {
          "total": 1754.0851949999997,
          "n_itens": 37
        },
        "LAZER 1": {
          "total": 4112.897899166665,
          "n_itens": 60
        },
        "LAZER 2": {
          "total": 19252.083313333336,
          "n_itens": 53
        },
        "DIFERENCIADO 1": {
          "total": 11702.832244166666,
          "n_itens": 99
        },
        "DIFERENCIADO 2": {
          "total": 16260.731157499999,
          "n_itens": 97
        },
        "TIPO (29x) HIDRÁULICO": {
          "total": 125165.25526499999,
          "n_itens": 29
        },
        "TIPO (30X) SANITÁRIO": {
          "total": 139005.97395000007,
          "n_itens": 59
        },
        "TIPO 30 HIDRÁULICO": {
          "total": 122548.28245,
          "n_itens": 25
        },
        "DUPLEX INFERIOR": {
          "total": 21878.956459999994,
          "n_itens": 68
        },
        "DUPLEX SUPERIOR": {
          "total": 8909.865740000001,
          "n_itens": 70
        },
        "ROOFTOP": {
          "total": 4309.2281025,
          "n_itens": 52
        },
        "TÉCNICOS": {
          "total": 84992.29697750001,
          "n_itens": 46
        },
        "PRUMADAS": {
          "total": 232317.5631225,
          "n_itens": 54
        },
        "HALL": {
          "total": 309406.797615,
          "n_itens": 71
        },
        "ESTIMATIVAS POR AUSÊNCIA DE QUANTIDADES": {
          "total": 229453.33805999998,
          "n_itens": 3
        }
      }
    },
    "Climatizacao": {
      "total": 464.0,
      "rsm2": 0.035333940000837664,
      "n_itens": 3,
      "subcategorias": {}
    },
    "Escoramento": {
      "total": 31569.88479573185,
      "rsm2": 2.404069860357212,
      "n_itens": 48,
      "subcategorias": {}
    },
    "Supraestrutura": {
      "total": 573220.5328,
      "rsm2": 43.651163606041806,
      "n_itens": 81,
      "subcategorias": {}
    },
    "Estacas": {
      "total": 2790.0,
      "rsm2": 0.21246054440158854,
      "n_itens": 1,
      "subcategorias": {}
    },
    "Canteiro": {
      "total": 329902.53033333336,
      "rsm2": 25.122319424402,
      "n_itens": 14,
      "subcategorias": {
        "TOTAL": {
          "total": 246602.53033333336,
          "n_itens": 8
        }
      }
    },
    "Gas": {
      "total": 235624.4231,
      "rsm2": 17.942972475317646,
      "n_itens": 148,
      "subcategorias": {
        "TÉRREO": {
          "total": 9596.794899999999,
          "n_itens": 5
        },
        "GARAGEM 1": {
          "total": 10659.1513,
          "n_itens": 8
        },
        "LAZER 1": {
          "total": 3898.780400000001,
          "n_itens": 18
        },
        "LAZER 2": {
          "total": 3489.0987,
          "n_itens": 16
        },
        "DIFERENCIADO 1": {
          "total": 4190.0702,
          "n_itens": 22
        },
        "DIFERENCIADO 2": {
          "total": 3722.3638000000005,
          "n_itens": 21
        },
        "TIPO (30x)": {
          "total": 116673.31199999998,
          "n_itens": 22
        },
        "DUPLEX SUPERIOR (x3)": {
          "total": 12391.129500000001,
          "n_itens": 25
        },
        "PRUMADAS - EMBASAMENTO": {
          "total": 18370.520800000002,
          "n_itens": 3
        },
        "PRUMADAS - TORRE": {
          "total": 52404.29700000001,
          "n_itens": 8
        }
      }
    }
  },
  "indices_consumo": {},
  "split_mo_material": {
    "Loucas e Metais": {
      "mo_pct": 0.0,
      "material_pct": 1.0
    },
    "Instalacoes Hidraulicas": {
      "mo_pct": 0.0,
      "material_pct": 1.0
    },
    "Climatizacao": {
      "mo_pct": 0.203,
      "material_pct": 0.797
    },
    "Escoramento": {
      "mo_pct": 0.0,
      "material_pct": 1.0
    },
    "Supraestrutura": {
      "mo_pct": 0.0,
      "material_pct": 1.0
    },
    "Estacas": {
      "mo_pct": 0.0,
      "material_pct": 1.0
    },
    "Canteiro": {
      "mo_pct": 0.0,
      "material_pct": 1.0
    },
    "Gas": {
      "mo_pct": 0.0,
      "material_pct": 1.0
    }
  },
  "curva_abc": {
    "Loucas e Metais": {
      "top_20_pct": 1.0,
      "n_itens_total": 21,
      "itens": [
        {
          "desc": "Parafuso niquelado para fixação de bacia sanitária - tamanho",
          "pct": 0.312,
          "total": 904.0
        },
        {
          "desc": "Ralo",
          "pct": 0.196,
          "total": 569.0
        },
        {
          "desc": "Ralos comum",
          "pct": 0.167,
          "total": 483.0
        },
        {
          "desc": "Acabamento de Registro Comum",
          "pct": 0.089,
          "total": 258.0
        },
        {
          "desc": "Anel de vedação, 100 mm, para saíde de bacia sanitária",
          "pct": 0.078,
          "total": 226.0
        },
        {
          "desc": "Engate/ rabicho flexível inóx 1/2\"x40mm",
          "pct": 0.078,
          "total": 226.0
        },
        {
          "desc": "Barra de apoio PNE",
          "pct": 0.025,
          "total": 72.0
        },
        {
          "desc": "Acabamento de Registro Pressão",
          "pct": 0.016,
          "total": 47.0
        },
        {
          "desc": "Sifão ajustável multiuso",
          "pct": 0.008,
          "total": 22.0
        },
        {
          "desc": "Bancada Banheiros",
          "pct": 0.005,
          "total": 15.66490836
        },
        {
          "desc": "Torneira de Jardins",
          "pct": 0.005,
          "total": 14.0
        },
        {
          "desc": "Torneira Lavatório mesa",
          "pct": 0.005,
          "total": 14.0
        },
        {
          "desc": "Válvula de escoamento para lavatório",
          "pct": 0.005,
          "total": 14.0
        },
        {
          "desc": "Banheiro - Bacia Sanitária PNE",
          "pct": 0.003,
          "total": 9.0
        },
        {
          "desc": "Torneira misturador pia cozinha",
          "pct": 0.002,
          "total": 7.0
        },
        {
          "desc": "Banheiro - Cuba de Sobrepor - PNE",
          "pct": 0.002,
          "total": 6.0
        },
        {
          "desc": "Válvula de escoamento para Pia",
          "pct": 0.001,
          "total": 4.0
        },
        {
          "desc": "Cozinha - Cuba / Inox",
          "pct": 0.001,
          "total": 2.0
        },
        {
          "desc": "Banheiro - Bacia Sanitária PCD",
          "pct": 0.001,
          "total": 2.0
        },
        {
          "desc": "Banheiro - Cuba / Lavatorio PCD",
          "pct": 0.001,
          "total": 2.0
        }
      ]
    },
    "Instalacoes Hidraulicas": {
      "top_20_pct": 0.573,
      "n_itens_total": 1003,
      "itens": [
        {
          "desc": "Isaolamento termico",
          "pct": 0.086,
          "total": 120853.33805999998
        },
        {
          "desc": "Série Reforçada 150",
          "pct": 0.072,
          "total": 101004.11151083332
        },
        {
          "desc": "Sistema Quickstream",
          "pct": 0.044,
          "total": 61000.0
        },
        {
          "desc": "Válvula de esfera com alavanca vermelha ø32 mmxø32 mm",
          "pct": 0.043,
          "total": 59754.0
        },
        {
          "desc": "Série Reforçada 100",
          "pct": 0.041,
          "total": 57812.984345
        },
        {
          "desc": "Bombas",