{
  "projeto": "grupo-duo-colin",
  "ac": 6918.779999999998,
  "ur": 30,
  "total": null,
  "rsm2": null,
  "macrogrupos": {},
  "disciplinas": {
    "Canteiro": {
      "total": 55700.0,
      "rsm2": 8.050552264994698,
      "n_itens": 8,
      "subcategorias": {
        "TOTAL": {
          "total": 20200.0,
          "n_itens": 3
        }
      }
    },
    "Fundacoes": {
      "total": 6.3225,
      "rsm2": 0.0009138171758604843,
      "n_itens": 2,
      "subcategorias": {}
    },
    "Infraestrutura": {
      "total": 5569.7,
      "rsm2": 0.8050118662538773,
      "n_itens": 5,
      "subcategorias": {
        "Colin_16Est_DetBlocos3-4_R00": {
          "total": 505.4,
          "n_itens": 0
        },
        "Colin_15Est_DetBlocos-4_R00": {
          "total": 840.0,
          "n_itens": 2
        },
        "Colin_03Est_FBaldrame_R01": {
          "total": 1244.3,
          "n_itens": 1
        }
      }
    },
    "Supraestrutura": {
      "total": 10085576.144428557,
      "rsm2": 1457.7101952119535,
      "n_itens": 15,
      "subcategorias": {
        "TOTAL": {
          "total": 4853650.360664843,
          "n_itens": 8
        },
        "TOTAL SUPRAESTRUTURA": {
          "total": 5231925.783763714,
          "n_itens": 0
        }
      }
    },
    "Instalacoes Hidraulicas": {
      "total": 333562.90729056665,
      "rsm2": 48.21123193548093,
      "n_itens": 122,
      "subcategorias": {
        "HIDRÁULICO": {
          "total": 138556.3936196666,
          "n_itens": 42
        },
        "SANITÁRIO": {
          "total": 68516.5426709,
          "n_itens": 47
        },
        "PEÇAS HIDRÁULICAS E SANITÁRIAS": {
          "total": 85292.87899999999,
          "n_itens": 9
        },
        "REGISTROS, VÁLVULAS, BOMBAS E FILTROS": {
          "total": 41197.092,
          "n_itens": 24
        }
      }
    },
    "Instalacoes Eletricas": {
      "total": 606821.5919574013,
      "rsm2": 87.70644419354299,
      "n_itens": 112,
      "subcategorias": {
        "GERAL": {
          "total": 606821.5919574011,
          "n_itens": 112
        }
      }
    },
    "SPDA": {
      "total": 51225.2542,
      "rsm2": 7.403798675489034,
      "n_itens": 22,
      "subcategorias": {
        "SPDA": {
          "total": 51225.25419999998,
          "n_itens": 22
        }
      }
    },
    "Climatizacao": {
      "total": 22747.0,
      "rsm2": 3.287718354970097,
      "n_itens": 4,
      "subcategorias": {
        "CLIMATIZAÇÃO": {
          "total": 15397.0,
          "n_itens": 4
        }
      }
    }
  },
  "indices_consumo": {
    "Instalacoes Hidraulicas": {
      "tubulacao_m_por_m2_ac": 0.7
    },
    "Instalacoes Eletricas": {
      "eletroduto_m_por_m2_ac": 2.23,
      "pontos_eletricos_por_ur": 84.3
    }
  },
  "split_mo_material": {
    "hidrossanitarias": 899441.4,
    "eletricas": 899441.4,
    "preventivas": 110700.48,
    "gas": 69187.8
  },
  "curva_abc": {
    "Canteiro": {
      "top_20_pct": 1.0,
      "n_itens_total": 8,
      "itens": [
        {
          "desc": "Computador pessoal",
          "pct": 0.583,
          "total": 32500.0
        },
        {
          "desc": "Ar condicionado",
          "pct": 0.18,
          "total": 10000.0
        },
        {
          "desc": "Escrivaninha",
          "pct": 0.072,
          "total": 4000.0
        },
        {
          "desc": "Armário",
          "pct": 0.065,
          "total": 3600.0
        },
        {
          "desc": "Impressora",
          "pct": 0.036,
          "total": 2000.0
        },
        {
          "desc": "Cadeira",
          "pct": 0.029,
          "total": 1600.0
        },
        {
          "desc": "Mesa",
          "pct": 0.018,
          "total": 1000.0
        },
        {
          "desc": "Roteador",
          "pct": 0.018,
          "total": 1000.0
        }
      ]
    },
    "Fundacoes": {
      "top_20_pct": 1.0,
      "n_itens_total": 2,
      "itens": [
        {
          "desc": "Colin_15Est_DetBlocos2-4_R00",
          "pct": 0.548,
          "total": 3.4655
        },
        {
          "desc": "Colin_15Est_DetBlocos2-4_R00",
          "pct": 0.452,
          "total": 2.8569999999999998
        }
      ]
    },
    "Infraestrutura": {
      "top_20_pct": 1.0,
      "n_itens_total": 5,
      "itens": [
        {
          "desc": "TOTAL",
          "pct": 0.732,
          "total": 4079.7
        },
        {
          "desc": "Colin_14Est_DetBlocos1-4_R00",
          "pct": 0.139,
          "total": 775.9
        },
        {
          "desc": "Colin_15Est_DetBlocos2-4_R00",
          "pct": 0.061,
          "total": 338.7
        },
        {
          "desc": "Colin_19Est_DetVigBaldrame1-2_R01",
          "pct": 0.037,
          "total": 203.9
        },
        {
          "desc": "Colin_20Est_DetVigBaldrame2-2_R01",
          "pct": 0.031,
          "total": 171.5
        }
      ]
    },
    "Supraestrutura": {
      "top_20_pct": 1.0,
      "n_itens_total": 15,
      "itens": [
        {
          "desc": "Mão de obra - estrutura em concreto armado",
          "pct": 0.219,
          "total": 2207090.82
        },
        {
          "desc": "Mão de obra - estrutura em concreto armado",
          "pct": 0.219,
          "total": 2207090.82
        },
        {
          "desc": "Armadura Convencional para Estrutura",
          "pct": 0.116,
          "total": 1173782.6505503997
        },
        {
          "desc": "Armadura Convencional para Estrutura",
          "pct": 0.108,
          "total": 1088332.9680272276
        },
        {
          "desc": "Concreto",
          "pct": 0.106,
          "total": 1072509.4138100957
        },
        {
          "desc": "Concreto",
          "pct": 0.106,
          "total": 1064900.0108075999
        },
        {
          "desc": "Fabricação forma",
          "pct": 0.032,
          "total": 325151.08898704505
        },
        {
          "desc": "Fabricação forma",
          "pct": 0.019,
          "total": 196553.5153043478
        },
        {
          "desc": "Escoramento",
          "pct": 0.019,
          "total": 195755.25199999995
        },
        {
          "desc": "Cubetas",
          "pct": 0.017,
          "total": 167151.6
        },
        {
          "desc": "Perfuração de vigas",
          "pct": 0.013,
          "total": 134090.0
        },
        {
          "desc": "Perfuração de vigas",
          "pct": 0.013,
          "total": 134090.0
        },
        {
          "desc": "Montagem de forma",
          "pct": 0.005,
          "total": 49454.043941841934
        },
        {
          "desc": "Escoramento",
          "pct": 0.004,
          "total": 35376.0
        },
        {
          "desc": "Montagem de forma",
          "pct": 0.003,
          "total": 34247.960999999996
        }
      ]
    },
    "Instalacoes Hidraulicas": {
      "top_20_pct": 0.831,
      "n_itens_total": 122,
      "itens": [
        {
          "desc": "Tubo Soldável Marrom 25mm",
          "pct": 0.136,
          "total": 45212.056919999995
        },
        {
          "desc": "Tubo PPR PN20 25mm",
          "pct": 0.134,
          "total": 44732.446848
        },
        {
          "desc": "Boiler Alta Pressão - 1500l (A validar)",
          "pct": 0.115,
          "total": 38212.42
        },
        {
          "desc": "Misturador monocomando de mesa",
          "pct": 0.089,
          "total": 29703.3
        },
        {
          "desc": "Tubo PVC Branco Série Normal 100mm",
          "pct": 0.082,
          "total": 27288.827062
        },
        {
          "desc": "Registro de gaveta 3/4\"",
          "pct": 0.034,
          "total": 11193.686
        },
        {
          "desc": "Conector Macho 25x3/4, PPR - TIGRE",
          "pct": 0.033,
          "total": 10865.926
        },
        {
          "desc": "Tubo Soldável Marrom 40mm",
          "pct": 0.025,