{
  "projeto": "h-empreendimentos-atlantia",
  "ac": 288.7994195755723,
  "ur": null,
  "total": 40420184.52353001,
  "rsm2": 139959.3689728762,
  "macrogrupos": {
    "GERENCIAMENTO TÉCNICO E ADMINISTRATIVO": {
      "valor": 3704814.2581239017,
      "rsm2": 12828.330000000002
    },
    "MOVIMENTAÇÃO DE TERRA": {
      "valor": 219102.12,
      "rsm2": 758.6653751659148
    },
    "INFRAESTRUTURA": {
      "valor": 1917879.85,
      "rsm2": 6640.871553061186
    },
    "SUPRAESTRUTURA": {
      "valor": 7592333.460747291,
      "rsm2": 26289.296120834304
    },
    "ALVENARIA": {
      "valor": 1859633.3236303444,
      "rsm2": 6439.186499624249
    },
    "INSTALAÇÕES ELÉTRICAS, HIDRÁULICAS, GLP E PREVENTIVAS": {
      "valor": 3783137.02336,
      "rsm2": 13099.531255706137
    },
    "EQUIPAMENTOS E SISTEMAS ESPECIAIS": {
      "valor": 1914897.445,
      "rsm2": 6630.544645187261
    },
    "IMPERMEABILIZAÇÃO": {
      "valor": 712167.4702824275,
      "rsm2": 2465.9588005026076
    },
    "REVESTIMENTOS INTERNOS EM PISO E PAREDE": {
      "valor": 2890872.112331424,
      "rsm2": 10009.965105123585
    },
    "REVESTIMENTOS E ACABAMENTOS INTERNOS EM TETO": {
      "valor": 718960.8466149999,
      "rsm2": 2489.4816190129636
    },
    "ACABAMENTOS EM PISO E PAREDE": {
      "valor": 2296286.9481693273,
      "rsm2": 7951.148072056429
    },
    "PINTURA INTERNA": {
      "valor": 2171928.823256926,
      "rsm2": 7520.544281040638
    },
    "ESQUADRIAS, VIDROS E FERRAGENS": {
      "valor": 5635901.636558573,
      "rsm2": 19514.934084151733
    },
    "COBERTURA": {
      "valor": 147997.62263807998,
      "rsm2": 512.4581720267355
    },
    "REVESTIMENTOS E ACABAMENTOS DE FACHADA": {
      "valor": 1882731.3978797966,
      "rsm2": 6519.166141838898
    },
    "SERVIÇOS COMPLEMENTARES": {
      "valor": 2251630.964046597,
      "rsm2": 7796.521777487146
    },
    "IMPREVISTOS E CONTINGENCIAS": {
      "valor": 719909.2208903158,
      "rsm2": 2492.765470056396
    }
  },
  "disciplinas": {},
  "indices_consumo": {},
  "split_mo_material": {},
  "curva_abc": {},
  "instalacoes_breakdown": {
    "_nota": "consolidado - sem split por disciplina na fonte",
    "total_consolidado": 3783137.02,
    "_metodo": "OrcExec:ORÇAMENTO_EXECUTIVO"
  },
  "ci_detalhado": {
    "ci_total": 3704814.26,
    "_metodo": "ORÇAMENTO_EXECUTIVO:ORÇAMENTO_EXECUTIVO"
  },
  "sistemas_especiais_detail": {
    "total_valor": 1914897.45,
    "_metodo": "ORÇAMENTO_EXECUTIVO:ORÇAMENTO_EXECUTIVO"
  },
  "esquadrias_detail": {
    "_total": 5635901.64
  },
  "fachada_detail": {
    "_total": 1882731.4
  },
  "acabamentos_pus": {},
  "qualitative": {
    "updated_at": "2026-04-13T19:49:25",
    "phase1_extraction": {
      "n_abas": 1,
      "total_itens": 19,
      "total_observacoes": 9,
      "fonte": "scripts/extract_itens_detalhados.py",
      "json_path": "C:/Users/leona/orcamentos-openclaw/base/itens-detalhados/h-empreendimentos-atlantia.json"
    },
    "sub_disciplinas": [
      {
        "macrogrupo": "Estrutura",
        "sub_disciplina": "Supraestrutura",
        "itens_exemplo": [
          "SUPRAESTRUTURA"
        ]
      },
      {
        "macrogrupo": "Fechamentos",
        "sub_disciplina": "Esquadrias e Vidros",
        "itens_exemplo": [
          "ESQUADRIAS, VIDROS E FERRAGENS"
        ]
      },
      {
        "macrogrupo": "Instalações",
        "sub_disciplina": "Elétrica e Hidráulica",
        "itens_exemplo": [
          "INSTALAÇÕES ELÉTRICAS, HIDRÁULICAS, GLP E PREVENTIVAS"
        ]
      },
      {
        "macrogrupo": "Acabamentos",
        "sub_disciplina": "Piso e Parede Internos",
        "itens_exemplo": [
          "REVESTIMENTOS INTERNOS EM PISO E PAREDE"
        ]
      },
      {
        "macrogrupo": "Acabamentos",
        "sub_disciplina": "Piso e Parede Gerais",
        "itens_exemplo": [
          "ACABAMENTOS EM PISO E PAREDE"
        ]
      },
      {
        "macrogrupo": "Serviços Complementares",
        "sub_disciplina": "Administrativo e Gerenciamento",
        "itens_exemplo": [
          "GERENCIAMENTO TÉCNICO E ADMINISTRATIVO"
        ]
      },
      {
        "macrogrupo": "Serviços Complementares",
        "sub_disciplina": "Diversos",
        "itens_exemplo": [
          "SERVIÇOS COMPLEMENTARES"
        ]
      }
    ],
    "observacoes_orcamentista": [],
    "padroes_identificados": [
      "A lista de categorias de custo é repetida na seção 'ORÇAMENTO_EXECUTIVO' e nas 'observações de orçamentista'."
    ],
    "fora_da_curva": [],
    "phase2_meta": {
      "model": "gemma4:e4b",
      "ts": "2026-04-12T21:53:22",
      "duration_s": 58.3,
      "compact_chars": 795
    }
  }
}