{
  "projeto": "lotisa-serenity",
  "ac": 13606.52,
  "ur": null,
  "total": 20676527.759999998,
  "rsm2": 1519.6044072988536,
  "macrogrupos": {
    "FUNDAÇÃO - ESTACAS, BLOCOS E BALDRAMES": {
      "valor": 3397992.54,
      "rsm2": 249.7326678680515
    },
    "ALVENARIA, VEDAÇÕES, DIVISÓRIAS, CAIXAS": {
      "valor": 1646319.68,
      "rsm2": 120.99491126312972
    },
    "SISTEMAS DE EXAUSTÃO E CLIMATIZAÇÃO": {
      "valor": 730000.0,
      "rsm2": 53.650749787601825
    },
    "SISTEMAS E INSTALAÇÕES HIDRO-SANITÁRIAS": {
      "valor": 1292092.91,
      "rsm2": 94.96130605033468
    },
    "SISTEMAS E INSTALAÇÕES ELÉTRICAS E LOGICAS": {
      "valor": 1686748.07,
      "rsm2": 123.96616254560314
    },
    "REBOCO INTERNO E CONTRAPISO": {
      "valor": 1786443.39,
      "rsm2": 131.29318811863723
    },
    "REVESTIMENTOS EXTERNO E ACABAMENTOS EM FACHADA": {
      "valor": 790907.42,
      "rsm2": 58.12709054188727
    },
    "INSTALAÇÕES DE GLP": {
      "valor": 126088.38,
      "rsm2": 9.266761817128847
    },
    "ACABAMENTOS EM PISO E PAREDE": {
      "valor": 1520144.09,
      "rsm2": 111.72174001875571
    },
    "TETOS E FORROS": {
      "valor": 865460.86,
      "rsm2": 63.606334316195465
    },
    "PINTURA INTERNA": {
      "valor": 725394.87,
      "rsm2": 53.31229954463007
    },
    "PINTURA EXTERNA": {
      "valor": 791971.26,
      "rsm2": 58.2052765879887
    },
    "INSTALAÇÕES PREVENTIVAS DE INCENDIO": {
      "valor": 604375.15,
      "rsm2": 44.418054726704554
    },
    "IMPERMEABILIZAÇÃO E TRATAMENTOS": {
      "valor": 399342.98,
      "rsm2": 29.349383971801753
    },
    "ESQUADRIAS METÁLICAS": {
      "valor": 1926821.16,
      "rsm2": 141.61013690495437
    },
    "EQUIPAMENTOS E SISTEMAS ESPECIAIS": {
      "valor": 1161425.0,
      "rsm2": 85.35797544118554
    },
    "SERVIÇOS COMPLEMENTARES E FINAIS": {
      "valor": 1225000.0,
      "rsm2": 90.03036779426334
    }
  },
  "disciplinas": {},
  "indices_consumo": {},
  "split_mo_material": {},
  "curva_abc": {}
}