{
  "projeto": "mendes-empreendimentos-brava-mundo",
  "ac": 4811.54,
  "ur": null,
  "total": 20149157.700000003,
  "rsm2": 4187.673322886229,
  "macrogrupos": {
    "GERENCIAMENTO TÉCNICO E ADMINISTRATIVO": {
      "valor": 3309013.95,
      "rsm2": 687.7245019266181
    },
    "MOVIMENTAÇÃO DE TERRA": {
      "valor": 449100.0,
      "rsm2": 93.33809965208644
    },
    "CONTENÇÕES E ARRIMOS": {
      "valor": 640926.46,
      "rsm2": 133.20609617710753
    },
    "INFRAESTRUTURA": {
      "valor": 880098.86,
      "rsm2": 182.91417300905738
    },
    "SUPRAESTRUTURA": {
      "valor": 3734488.11,
      "rsm2": 776.1523566259451
    },
    "ALVENARIA": {
      "valor": 729403.27,
      "rsm2": 151.59455600493814
    },
    "SISTEMAS E INSTALAÇÕES ELÉTRICAS": {
      "valor": 1358996.64,
      "rsm2": 282.44525453389144
    },
    "SISTEMAS E INSTALAÇÕES HIDROSSANITÁRIAS E DRENAGEM": {
      "valor": 912574.24,
      "rsm2": 189.66365030738598
    },
    "INSTALAÇÕES PREVENTIVAS E GLP": {
      "valor": 199906.24,
      "rsm2": 41.54724682741908
    },
    "CLIMATIZAÇÃO E EXAUSTÃO": {
      "valor": 599718.52,
      "rsm2": 124.64169891552393
    },
    "AUTOMAÇÃO E SISTEMAS LÓGICOS E TELECOMUNICAÇÃO": {
      "valor": 315684.35,
      "rsm2": 65.60983593610361
    },
    "IMPERMEABILIZAÇÃO": {
      "valor": 298123.8,
      "rsm2": 61.96016244279378
    },
    "REVESTIMENTOS INTERNOS EM PISO E PAREDE": {
      "valor": 478359.32,
      "rsm2": 99.41917140873817
    },
    "REVESTIMENTOS E ACABAMENTOS INTERNOS EM TETO": {
      "valor": 283992.81,
      "rsm2": 59.02326697897139
    },
    "ACABAMENTOS EM PISO E PAREDE": {
      "valor": 1094759.96,
      "rsm2": 227.52797648985563
    },
    "PINTURA INTERNA": {
      "valor": 419881.48,
      "rsm2": 87.26550750903037
    },
    "ESQUADRIAS, VIDROS E FERRAGENS": {
      "valor": 2665377.91,
      "rsm2": 553.955263803273
    },
    "REVESTIMENTOS E ACABAMENTOS DE FACHADA": {
      "valor": 743529.71,
      "rsm2": 154.53050582557768
    },
    "EQUIPAMENTOS E SISTEMAS ESPECIAIS": {
      "valor": 640000.0,
      "rsm2": 133.01354659838637
    },
    "SERVIÇOS COMPLEMENTARES E FINAIS": {
      "valor": 395222.07,
      "rsm2": 82.14045191352457
    }
  },
  "disciplinas": {},
  "indices_consumo": {},
  "split_mo_material": {},
  "curva_abc": {},
  "instalacoes_breakdown": {
    "hidrossanitarias": 912574.24,
    "eletricas": 1358996.64,
    "preventivas": 199906.24,
    "gas": null,
    "telecom": 315684.35,
    "_metodo": "Resumo:Orçamento Resumo"
  },
  "indices_estruturais": {
    "concreto_total_m3": null,
    "concreto_m3_por_m2_ac": null,
    "aco_total_kg": null,
    "aco_kg_por_m3_concreto": null,
    "forma_total_m2": null,
    "forma_m2_por_m2_ac": null,
    "fck_predominante": null,
    "tipo_estaca": null,
    "estacas_comprimento_total_m": null,
    "estacas_qtd": null,
    "fundacao_concreto_m3": null,
    "fundacao_aco_kg": null,
    "mo_estrutural_rsm2": 182.91
  },
  "ci_detalhado": {
    "ci_total": 3309013.95,
    "_metodo": "Resumo:Orçamento Resumo"
  },
  "sistemas_especiais_detail": {
    "total_valor": 640000.0,
    "_metodo": "Executivo_summary:Orçamento Resumo"
  },
  "esquadrias_detail": {
    "_total": 2665377.91
  },
  "fachada_detail": {
    "_total": 743529.71
  },
  "acabamentos_pus": {},
  "qualitative": {
    "updated_at": "2026-04-13T19:49:25",
    "phase1_extraction": {
      "n_abas": 3,
      "total_itens": 2039,
      "total_observacoes": 5,
      "fonte": "scripts/extract_itens_detalhados.py",
      "json_path": "C:/Users/leona/orcamentos-openclaw/base/itens-detalhados/mendes-empreendimentos-brava-mundo.json"
    },
    "sub_disciplinas": [
      {
        "macrogrupo": "Estrutura",
        "sub_disciplina": "Fundação e Infraestrutura",
        "itens_exemplo": [
          "Escavação mecanizada para blocos de fundação e vigas baldrame, com previsã...",
          "Mão de Obra para Execução de Infraestrutura - Blocos e Baldrames",
          "Concreto usinado bombeável, para supraestrutura, fck 40MPa, slump = 12 +/-..."
        ]
      },
      {
        "macrogrupo": "Estrutura",
        "sub_disciplina": "Concreto Armado e Metálica",
        "itens_exemplo": [
          "Mão de Obra para Execução de Estrutura de Concreto Armado em Supraestrutura",
          "Armação de aço CA-50, diâmetro de 25,00mm para supraestrutura, corte e dob...",
          "Estrutura metálica"
        ]
      },
      {
        "macrogrupo": "Fachada e Envelopamento",
        "sub_disciplina": "Vidros e Esquadrias",
        "itens_exemplo": [
          "Pele de vidro - Pvto. Diferenciado",
          "Esquadrias de alumínio, fornecimento e instalação - 6° ao 10° Pvto. Tipo (…)",
          "Pele de vidro - Térreo"
        ]
      },
      {
        "macrogrupo": "Acabamentos e Vedação",
        "sub_disciplina": "Alvenaria e Revestimentos",
        "itens_exemplo": [
          "Serviço especializado para execução de parede diafragma",
          "REVESTIMENTOS INTERNOS EM PISO E PAREDE",
          "Revestimentos e Acabamentos de Fachada"
        ]
      },
      {
        "macrogrupo": "Instalações e Sistemas",
        "sub_disciplina": "Elétrica e Telecomunicações",
        "itens_exemplo": [
          "Sistemas e Instalações Elétricas",
          "Itens auxiliares não orçados - Elétrica - 6° ao 10° Pvto. Tipo (x5)"
        ]
      },
      {
        "macrogrupo": "Instalações e Sistemas",
        "sub_disciplina": "HVAC e Elevadores",
        "itens_exemplo": [
          "CLIMATIZAÇÃO E EXAUSTÃO",
          "Elevador social",
          "Elevador de serviço"
        ]
      },
      {
        "macrogrupo": "Serviços Complementares",
        "sub_disciplina": "Gestão e Mão de Obra",
        "itens_exemplo": [
          "Mestre de obras",
          "Imprevistos e Contingências",
          "Gerenciamento Técnico e Administrativo"
        ]
      }
    ],
    "observacoes_orcamentista": [
      {
        "contexto": "1 - Brava Mundo - Custo de Obra",
        "observacao": "Custo de Obra",
        "categoria": "outro"
      },
      {
        "contexto": "2 - BRAVA MUNDO - CUSTOS DIRETOS DE OBRA",
        "observacao": "CUSTOS DIRETOS DE OBRA",
        "categoria": "outro"
      },
      {
        "contexto": "Rua Delfim Mario de Padua Peixoto, 900 - Praia Brava - Itajaí/SC - 88306-813",
        "observacao": "Endereço do projeto",
        "categoria": "outro"
      },
      {
        "contexto": "3 - 20/04/2022 - 10:38:13",
        "observacao": "Revisão do orçamento",
        "categoria": "outro"
      },
      {
        "contexto": "3 - BRAVA MUNDO - AMBIENTAÇÃO",
        "observacao": "Escopo de ambientação",
        "categoria": "outro"
      }
    ],
    "padroes_identificados": [
      "O nome 'Brava Mundo' e o endereço 'Rua Delfim Mario de Padua Peixoto, 900 - Praia Brava - Itajaí/SC - 88306-813' são citados em múltiplos blocos de observações."
    ],
    "fora_da_curva": [],
    "phase2_meta": {
      "model": "gemma4:e4b",
      "ts": "2026-04-13T19:35:15",
      "duration_s": 97.6,
      "compact_chars": 2609
    }
  }
}