{
  "projeto": "mendes-empreendimentos-brava-mundo",
  "ac": 4811.54,
  "ur": null,
  "total": 20149157.700000003,
  "rsm2": 4187.673322886229,
  "macrogrupos": {
    "GERENCIAMENTO TÉCNICO E ADMINISTRATIVO": {
      "valor": 3309013.95,
      "rsm2": 687.7245019266181
    },
    "MOVIMENTAÇÃO DE TERRA": {
      "valor": 449100.0,
      "rsm2": 93.33809965208644
    },
    "CONTENÇÕES E ARRIMOS": {
      "valor": 640926.46,
      "rsm2": 133.20609617710753
    },
    "INFRAESTRUTURA": {
      "valor": 880098.86,
      "rsm2": 182.91417300905738
    },
    "SUPRAESTRUTURA": {
      "valor": 3734488.11,
      "rsm2": 776.1523566259451
    },
    "ALVENARIA": {
      "valor": 729403.27,
      "rsm2": 151.59455600493814
    },
    "SISTEMAS E INSTALAÇÕES ELÉTRICAS": {
      "valor": 1358996.64,
      "rsm2": 282.44525453389144
    },
    "SISTEMAS E INSTALAÇÕES HIDROSSANITÁRIAS E DRENAGEM": {
      "valor": 912574.24,
      "rsm2": 189.66365030738598
    },
    "INSTALAÇÕES PREVENTIVAS E GLP": {
      "valor": 199906.24,
      "rsm2": 41.54724682741908
    },
    "CLIMATIZAÇÃO E EXAUSTÃO": {
      "valor": 599718.52,
      "rsm2": 124.64169891552393
    },
    "AUTOMAÇÃO E SISTEMAS LÓGICOS E TELECOMUNICAÇÃO": {
      "valor": 315684.35,
      "rsm2": 65.60983593610361
    },
    "IMPERMEABILIZAÇÃO": {
      "valor": 298123.8,
      "rsm2": 61.96016244279378
    },
    "REVESTIMENTOS INTERNOS EM PISO E PAREDE": {
      "valor": 478359.32,
      "rsm2": 99.41917140873817
    },
    "REVESTIMENTOS E ACABAMENTOS INTERNOS EM TETO": {
      "valor": 283992.81,
      "rsm2": 59.02326697897139
    },
    "ACABAMENTOS EM PISO E PAREDE": {
      "valor": 1094759.96,
      "rsm2": 227.52797648985563
    },
    "PINTURA INTERNA": {
      "valor": 419881.48,
      "rsm2": 87.26550750903037
    },
    "ESQUADRIAS, VIDROS E FERRAGENS": {
      "valor": 2665377.91,
      "rsm2": 553.955263803273
    },
    "REVESTIMENTOS E ACABAMENTOS DE FACHADA": {
      "valor": 743529.71,
      "rsm2": 154.53050582557768
    },
    "EQUIPAMENTOS E SISTEMAS ESPECIAIS": {
      "valor": 640000.0,
      "rsm2": 133.01354659838637
    },
    "SERVIÇOS COMPLEMENTARES E FINAIS": {
      "valor": 395222.07,
      "rsm2": 82.14045191352457
    }
  },
  "disciplinas": {},
  "indices_consumo": {},
  "split_mo_material": {},
  "curva_abc": {},
  "instalacoes_breakdown": {
    "hidrossanitarias": 912574.24,
    "eletricas": 1358996.64,
    "preventivas": 199906.24,
    "gas": null,
    "telecom": 315684.35,
    "_metodo": "Resumo:Orçamento Resumo"
  },
  "indices_estruturais": {
    "concreto_total_m3": null,
    "concreto_m3_por_m2_ac": null,
    "aco_total_kg": null,
    "aco_kg_por_m3_concreto": null,
    "forma_total_m2": null,
    "forma_m2_por_m2_ac": null,
    "fck_predominante": null,
    "tipo_estaca": null,
    "estacas_comprimento_total_m": null,
    "estacas_qtd": null,
    "fundacao_concreto_m3": null,
    "fundacao_aco_kg": null,
    "mo_estrutural_rsm2": 182.91
  },
  "ci_detalhado": {
    "ci_total": 3309013.95,
    "_metodo": "Resumo:Orçamento Resumo"
  },
  "sistemas_especiais_detail": {
    "total_valor": 640000.0,
    "_metodo": "Executivo_summary:Orçamento Resumo"
  },
  "esquadrias_detail": {
    "_total": 2665377.91
  },
  "fachada_detail": {
    "_total": 743529.71
  },
  "acabamentos_pus": {}
}