{
  "projeto": "santa-maria-unimed",
  "ac": 52516.04,
  "ur": null,
  "total": 84236844.1525,
  "rsm2": 1604.021250507464,
  "macrogrupos": {
    "FUNDAÇÃO RASA": {
      "valor": 4309171.5600000005,
      "rsm2": 82.05438871628554
    },
    "SUPRAESTRUTURA": {
      "valor": 35464738.2625,
      "rsm2": 675.3125
    },
    "ALVENARIA": {
      "valor": 6057180.089999999,
      "rsm2": 115.33961985709507
    },
    "INSTALAÇÕES ELÉTRICAS": {
      "valor": 9190307.0,
      "rsm2": 175.0
    },
    "INSTALAÇÕES HIDRÁULICAS": {
      "valor": 8822694.72,
      "rsm2": 168.0
    },
    "INSTALAÇÕES PREVENTIVAS E GLP": {
      "valor": 4463863.4,
      "rsm2": 85.0
    },
    "CLIMATIZAÇÃO, EXAUSTÃO MECÂNICA E PRESSURIZAÇÃO": {
      "valor": 4101000.0,
      "rsm2": 78.09042722947122
    },
    "OUTROS SISTEMAS ESPECIAIS": {
      "valor": 1050320.8,
      "rsm2": 20.0
    },
    "EQUIPAMENTOS": {
      "valor": 10777568.32,
      "rsm2": 205.22431470461217
    }
  },
  "disciplinas": {
    "Movimentacao de Terra": {
      "total": 493616.3792459616,
      "rsm2": 9.399345023843413,
      "n_itens": 6,
      "subcategorias": {
        "TOTAL": {
          "total": 1500.0,
          "n_itens": 5
        }
      }
    },
    "Infraestrutura": {
      "total": 8139024.988551055,
      "rsm2": 154.9816968025589,
      "n_itens": 19,
      "subcategorias": {
        "TOTAL": {
          "total": 3042574.1,
          "n_itens": 15
        }
      }
    },
    "Supraestrutura": {
      "total": 35464738.2625,
      "rsm2": 675.3125,
      "n_itens": 7,
      "subcategorias": {
        "TOTAL": {
          "total": 35464738.2625,
          "n_itens": 0
        }
      }
    },
    "Alvenaria": {
      "total": 6057180.09,
      "rsm2": 115.33961985709509,
      "n_itens": 6,
      "subcategorias": {
        "TOTAL": {
          "total": 6057180.089999999,
          "n_itens": 0
        }
      }
    },
    "Sistemas Especiais": {
      "total": 18029530.72,
      "rsm2": 343.3147419340834,
      "n_itens": 13,
      "subcategorias": {
        "TOTAL": {
          "total": 4101000.0,
          "n_itens": 8
        }
      }
    },
    "Impermeabilizacao": {
      "total": 1182990.9989999998,
      "rsm2": 22.52627957096536,
      "n_itens": 8,
      "subcategorias": {
        "TOTAL": {
          "total": 1182990.999,
          "n_itens": 0
        }
      }
    },
    "Forro": {
      "total": 1768251.2,
      "rsm2": 33.6706880412156,
      "n_itens": 3,
      "subcategorias": {
        "TOTAL": {
          "total": 1768251.2,
          "n_itens": 0
        }
      }
    },
    "Pintura": {
      "total": 3901853.6999999997,
      "rsm2": 74.29832295047379,
      "n_itens": 3,
      "subcategorias": {
        "TOTAL": {
          "total": 3901853.7,
          "n_itens": 0
        }
      }
    },
    "Esquadrias": {
      "total": 12489032.007,
      "rsm2": 237.81366620560118,
      "n_itens": 8,
      "subcategorias": {
        "TOTAL": {
          "total": 12489032.007,
          "n_itens": 0
        }
      }
    },
    "Cobertura": {
      "total": 168613.867,
      "rsm2": 3.210711755874967,
      "n_itens": 2,
      "subcategorias": {
        "TOTAL": {
          "total": 168613.867,
          "n_itens": 0
        }
      }
    },
    "Fachada": {
      "total": 28242436.241800003,
      "rsm2": 537.7868598203521,
      "n_itens": 8,
      "subcategorias": {
        "TOTAL": {
          "total": 422760.0,
          "n_itens": 6
        }
      }
    },
    "Servicos Complementares": {
      "total": 10578808.88,
      "rsm2": 201.43957693687491,
      "n_itens": 6,
      "subcategorias": {
        "TOTAL": {
          "total": 10578808.879999999,
          "n_itens": 0
        }
      }
    }
  },
  "indices_consumo": {
    "Supraestrutura": {
      "concreto_m3_por_m2_ac": 0.25,
      "aco_kg_por_m3_concreto": 80.0,
      "forma_m2_por_m3_concreto": 11.25
    }
  },
  "split_mo_material": {
    "eletricas": {
      "mo_valor": 2888382.2,
      "material_valor": 5251604.0,
      "mo_pct": 35.5
    }
  },
  "curva_abc": {
    "Movimentacao de Terra": {
      "top_20_pct": 1.0,
      "n_itens_total": 6,
      "itens": [
        {
          "desc": "Escavação vertical",
          "pct": 0.533,
          "total": 263205.60000000003
        },
        {
          "desc": "Movimentação de terra das estacas",
          "pct": 0.2,
          "total": 98507.77924596156
        },
        {
          "desc": "Escavação mecanizada para blocos e baldrames",
          "pct": 0.176,
          "total": 86837.0
        },
        {
          "desc": "Lastro de concreto magro e= 10cm - Blocos",
          "pct": 0.072,
          "total": 35550.0
        },
        {
          "desc": "Reaterro para blocos e baldrames",
          "pct": 0.016,
          "total": 8016.0
        },
        {
          "desc": "Rebaixamento de Lençol",
          "pct": 0.003,
          "total": 1500.0
        }
      ]
    },
    "Infraestrutura": {
      "top_20_pct": 1.0,
      "n_itens_total": 19,
      "itens": [
        {
          "desc": "Mão de obra",
          "pct": 0.314,
          "total": 2553746.4
        },
        {
          "desc": "Armação",
          "pct": 0.176,
          "total": 1431310.0
        },
        {
          "desc": "Concreto",
          "pct": 0.148,
          "total": 1203984.1
        },
        {
          "desc": "Armação",
          "pct": 0.106,
          "total": 865689.1200000001
        },
        {
          "desc": "Concreto",
          "pct": 0.09,
          "total": 729423.2400000002
        },
        {
          "desc": "Armação",
          "pct": 0.036,
          "total": 291720.0
        },
        {
          "desc": "Estaca Escavada Diâmetro 100 Raiz",
          "pct": 0.032,
          "total": 257280.0
        },
        {
          "desc": "Fabricação, montagem e desmontagem de forma para blocos e ba",
          "pct": 0.02,
          "total": 160312.80000000002
        },
        {
          "desc": "Mobilização",
          "pct": 0.018,
          "total": 150000.0
        },
        {
          "desc": "Mobilização",
          "pct": 0.012,
          "total": 100000.0
        },
        {
          "desc": "Mão de obra armação",
          "pct": 0.011,
          "total": 85800.0
        },
        {
          "desc": "Estaca Raiz Diâmetro 310",
          "pct": 0.008,
          "total": 64350.0
        },
        {
          "desc": "Concreto",
          "pct": 0.008,
          "total": 63680.8684864285
        },
        {
          "desc": "Mão de obra concretagem",
          "pct": 0.006,
          "total": 50540.3718146258
        },
        {
          "desc": "Estaca Raiz Diâmetro 250",
          "pct": 0.005,
          "total": 42300.0
        },
        {
          "desc": "Mão de obra para viga de coroamento",
          "pct": 0.005,
          "total": 38322.525
        },
        {
          "desc": "Concreto para viga de coroamento",
          "pct": 0.003,
          "total": 24990.32025
        },
        {
          "desc": "Armação para viga de coroamento",
          "pct": 0.003,
          "total": 23558.268
        },
        {
          "desc": "Forma para viga de coroamento - 50x30",
          "pct": 0.0,
          "total": 2016.9750000000001
        }
      ]
    },
    "Supraestrutura": {
      "top_20_pct": 1.0,
      "n_itens_total": 7,
      "itens": [
        {
          "desc": "Mão de obra",
          "pct": 0.355,
          "total": 12603849.6
        },
        {
          "desc": "Armadura Convencional para Estrutura",
          "pct": 0.252,
          "total": 8927726.8
        },
        {
          "desc": "Concreto",
          "pct": 0.204,
          "total": 7220955.5
        },
        {
          "desc": "Fabricação forma",
          "pct": 0.058,
          "total": 2051407.8125
        },
        {
          "desc": "Escoramento - Torre",
          "pct": 0.055,