{
  "projeto": "santa-maria-feat",
  "ac": 397.6291201777898,
  "ur": null,
  "total": 56098317.04,
  "rsm2": 141082.01384978308,
  "macrogrupos": {
    "GERENCIAMENTO TÉCNICO E ADMINISTRATIVO": {
      "valor": 8831545.55,
      "rsm2": 22210.51
    },
    "MOVIMENTAÇÃO DE TERRA": {
      "valor": 243984.68,
      "rsm2": 613.5986214764865
    },
    "INFRAESTRUTURA": {
      "valor": 2372854.32,
      "rsm2": 5967.506401289317
    },
    "SUPRAESTRUTURA": {
      "valor": 14922932.67,
      "rsm2": 37529.77815942552
    },
    "ALVENARIA": {
      "valor": 2931678.05,
      "rsm2": 7372.895749408832
    },
    "INSTALAÇÕES ELÉTRICAS, HIDRÁULICAS, GLP E PREVENTIVAS": {
      "valor": 6167609.34,
      "rsm2": 15510.959904652631
    },
    "EQUIPAMENTOS E SISTEMAS ESPECIAIS": {
      "valor": 2837858.41,
      "rsm2": 7136.948140848245
    },
    "IMPERMEABILIZAÇÃO": {
      "valor": 1170509.55,
      "rsm2": 2943.7219021500146
    },
    "REVESTIMENTOS INTERNOS EM PISO E PAREDE": {
      "valor": 1917441.53,
      "rsm2": 4822.185883022513
    },
    "REVESTIMENTOS E ACABAMENTOS INTERNOS EM TETO": {
      "valor": 1090542.63,
      "rsm2": 2742.612587107281
    },
    "ACABAMENTOS EM PISO E PAREDE": {
      "valor": 1903413.66,
      "rsm2": 4786.907103657139
    },
    "PINTURA INTERNA": {
      "valor": 1869679.99,
      "rsm2": 4702.070082704255
    },
    "ESQUADRIAS, VIDROS E FERRAGENS": {
      "valor": 4850528.14,
      "rsm2": 12198.62402892225
    },
    "REVESTIMENTOS E ACABAMENTOS DE FACHADA": {
      "valor": 2352288.5,
      "rsm2": 5915.785289941124
    },
    "COBERTURA": {
      "valor": 31032.37,
      "rsm2": 78.04350442473796
    },
    "SERVIÇOS COMPLEMENTARES": {
      "valor": 2115724.19,
      "rsm2": 5320.848204110422
    },
    "IMPREVISTOS": {
      "valor": 488693.46,
      "rsm2": 1229.0182866423193
    }
  },
  "disciplinas": {},
  "indices_consumo": {},
  "split_mo_material": {},
  "curva_abc": {}
}