{
  "projeto": "thozen-mirador-de-alicante",
  "ac": 474.8275485666585,
  "ur": null,
  "total": 35031764.70723375,
  "rsm2": 73777.86906632235,
  "macrogrupos": {
    "GERENCIAMENTO TÉCNICO E ADMINISTRATIVO": {
      "valor": 5062193.474574975,
      "rsm2": 10661.12
    },
    "INFRAESTRUTURA": {
      "valor": 2848541.6846587746,
      "rsm2": 5999.107872442416
    },
    "SUPRAESTRUTURA": {
      "valor": 8560688.95,
      "rsm2": 18029.048600574635
    },
    "PAREDES E PAINÉIS": {
      "valor": 1434487.53,
      "rsm2": 3021.0705641031695
    },
    "INSTALAÇÕES ELÉTRICAS, HIDRÁULICAS, GLP E PREVENTIVAS": {
      "valor": 2908684.79,
      "rsm2": 6125.770922054379
    },
    "EQUIPAMENTOS E SISTEMAS ESPECIAIS": {
      "valor": 2076277.77,
      "rsm2": 4372.698627675607
    },
    "IMPERMEABILIZAÇÃO": {
      "valor": 441429.8,
      "rsm2": 929.6634142911993
    },
    "REVESTIMENTOS ARGAMASSADOS": {
      "valor": 2164829.09,
      "rsm2": 4559.190166061081
    },
    "ACABAMENTOS EM PAREDE": {
      "valor": 483917.52,
      "rsm2": 1019.1437322050522
    },
    "ACABAMENTOS EM TETO": {
      "valor": 495265.23,
      "rsm2": 1043.0423245134698
    },
    "ACABAMENTOS EM PISO": {
      "valor": 1103823.65,
      "rsm2": 2324.6832525451923
    },
    "PINTURA INTERNA": {
      "valor": 1891027.32,
      "rsm2": 3982.556036835611
    },
    "ESQUADRIAS, VIDROS E FERRAGENS": {
      "valor": 2218820.63,
      "rsm2": 4672.897848277461
    },
    "LOUÇAS E METAIS": {
      "valor": 325261.69800000003,
      "rsm2": 685.0101662842721
    },
    "COBERTURA": {
      "valor": 143854.05,
      "rsm2": 302.960623144647
    },
    "REVESTIMENTOS E ACABAMENTOS DE FACHADA": {
      "valor": 1586316.14,
      "rsm2": 3340.825832006892
    },
    "SERVIÇOS COMPLEMENTARES": {
      "valor": 1286345.38,
      "rsm2": 2709.079083307267
    }
  },
  "disciplinas": {},
  "indices_consumo": {},
  "split_mo_material": {},
  "curva_abc": {},
  "instalacoes_breakdown": {
    "preventivas": 2908684.79
  },
  "instalacoes_extraction_method": "ORÇAMENTO_EXECUTIVO (ORÇAMENTO_EXECUTIVO)"
}