{
  "paludo": {
    "n_projetos": 5,
    "projetos": [
      "paludo-barbados",
      null,
      "paludo-urban-life",
      null,
      "paludo-volo-ocean"
    ],
    "dist_mg_pct": {
      "Gerenciamento": 35.388547320036345,
      "Mov Terra": 0.7013080642976435,
      "Infraestrutura": 3.3660824433728767,
      "Supraestrutura": 14.553225394275405,
      "Alvenaria": 2.056903103815232,
      "Hidrossanitaria": 5.547779630371727,
      "Sist Especiais": 5.612278264595475,
      "Impermeabilizacao": 2.2183236556743444,
      "Pisos": 7.008480261278387,
      "Rev Teto": 1.7270338946794532,
      "Pint Interna": 4.240723470054734,
      "Esquadrias": 10.260858899539253,
      "Cobertura": 0.4032399940466575,
      "Fachada": 3.174780933965443,
      "Complementares": 4.836656745242432,
      "Instal Geral": 5.881262384442707,
      "Rev Parede": 3.4451680796297293,
      "Pintura Geral": 4.44497546824836
    },
    "ac_total": 17408.09,
    "total_r$": 51388411.64
  },
  "nova": {
    "n_projetos": 4,
    "projetos": [
      null,
      "nova-empreendimentos-evora",
      "nova-empreendimentos-malaga",
      "nova-empreendimentos-malta"
    ],
    "dist_mg_pct": {
      "Gerenciamento": 42.42931216871263,
      "Mov Terra": 1.176889244762584,
      "Infraestrutura": 4.681931353759683,
      "Supraestrutura": 12.256886912566607,
      "Alvenaria": 3.3668245441750586,
      "Instal Geral": 5.32358744102038,
      "Climatizacao": 0.4596295101152849,
      "Sist Especiais": 1.2865553252850201,
      "Impermeabilizacao": 1.871231320103543,
      "Rev Parede": 6.877428510700922,
      "Rev Teto": 0.6407123145102582,
      "Pisos": 2.954439815767501,
      "Pintura Geral": 0.6599751121875124,
      "Esquadrias": 6.64904987318277,
      "Loucas": 0.4337118442165405,
      "Fachada": 0.659713206960561,
      "Complementares": 4.423599649542638,
      "Eletrica": 3.833886801230123,
      "Hidrossanitaria": 3.3106455710196823,
      "Preventiva": 0.2362502921862331,
      "Pint Interna": 2.0501478028632008
    },
    "ac_total": 20880.91,
    "total_r$": 131457478.56
  },
  "diferencas_mg_pp": {
    "Gerenciamento": 7.04,
    "Sist Especiais": -4.33,
    "Pisos": -4.05,
    "Eletrica": 3.83,
    "Pintura Geral": -3.79,
    "Esquadrias": -3.61,
    "Rev Parede": 3.43,
    "Fachada": -2.52,
    "Supraestrutura": -2.3,
    "Hidrossanitaria": -2.24,
    "Pint Interna": -2.19,
    "Infraestrutura": 1.32,
    "Alvenaria": 1.31,
    "Rev Teto": -1.09,
    "Instal Geral": -0.56,
    "Mov Terra": 0.48,
    "Climatizacao": 0.46,
    "Loucas": 0.43,
    "Complementares": -0.41,
    "Cobertura": -0.4,
    "Impermeabilizacao": -0.35,
    "Preventiva": 0.24
  }
}